Last Name,First Name,Branch,Granted,Expires,Employer(s)
,,"Civil,",08-14-2023,06-30-2026,Dolese
,,"Civil, 
Structural,",08-18-2017,06-30-2026,"Zenith Engineering

Barroco Studio LLC"
,,"Civil,",07-03-2013,06-30-2026,"Arcadis US Inc Registered Engineering Firm F-533

StructurAlign"
,,"Civil, 
Structural,",12-18-2009,09-30-2026,RRP CONSULTING ENGINEERS LLC
,,"Civil,",02-06-2024,12-31-2026,City of Fort Worth
,,"Civil,",12-08-2016,09-30-2026,Capital Region Planning Commission
,,"Civil,",06-20-2019,07-31-2027,
,,"Civil,",08-16-2002,06-30-2026,MAKEEN TECH CORPORATION
,,"Civil,",10-03-2019,09-30-2026,Austin Community College
,,"Civil,",12-11-2025,09-30-2026,Parsons International Limited
,,"Civil,",01-08-2018,12-31-2026,"FNA Engineering Services, PC"
,,"Civil,",06-06-2022,03-31-2026,"Tunnel Geotechnical and Railway, Corp."
,,"Civil, 
Mechanical,",12-12-2012,09-30-2026,"EQM

Unemployed"
,,"Civil,",05-19-2016,03-31-2026,CHA Companies
,,"Civil,",07-02-2018,06-30-2026,"Bechtel Global Corporation

MT Geotechnical Testing and Consultants, LLC"
,,"Civil,",08-28-2019,06-30-2026,WSP USA Inc.
,,"Civil,",11-05-2025,09-30-2026,USACE Galveston District (SWG)
,,"Civil,",09-23-2003,06-30-2026,"Storage Rack Engineering, Inc."
,,"Civil,",12-06-2018,09-30-2026,COBB FENDLEY & ASSOCIATES
,,"Civil,",05-25-2011,03-31-2024,Bechtel
,,"Civil,",11-12-2025,09-30-2026,Cow Town Redi-Mix
,,"Civil, 
Structural - 16 hour exam,",05-25-2017,07-31-2027,Pivot Engineers PLLC
,,"Civil,",01-23-2026,12-31-2026,
,,"Civil,",08-06-2024,06-30-2026,TEAGUE NALL AND PERKINS INC
,,"Civil,",02-09-2024,12-31-2026,USACE Ft. Worth District
,,"Civil,",06-20-1986,07-31-2027,
,,"Civil,",10-12-2023,09-30-2026,"ECS Southwest, LLP"
,,"Civil,",04-15-2010,03-31-2026,Achievement Engineering Corporation
,,"Civil,",10-12-2022,09-30-2026,Donan Engineering
,,"Civil,",10-29-2025,09-30-2026,"DCCM Infrastructure, Inc.

Acar Engineering"
,,"Civil,",08-24-2001,06-30-2026,CDM Smith Inc.
,,"Civil,",08-26-2016,06-30-2026,Kimley-Horn
,,"Civil,",01-18-1985,12-31-2026,TILSA
,,"Civil,",07-07-1995,06-30-2026,DUFF CONSULTING ENGINEERS INC
,,"Civil,",05-29-1998,07-31-2027,"TTL, Inc."
,,"Civil,",04-06-2018,03-31-2026,
,,"Civil,",06-09-1981,03-31-2026,JOE ADAMS ENGINEERING & SURVEYING INC
,,"Civil,",06-15-2007,03-31-2026,STV Infrastructure
,,"Civil,",12-11-2015,09-30-2026,Braun Intertec Corporation
,,"Civil,",05-25-2007,07-31-2027,Andrew P. Adams PE
,,"Civil,",10-02-1992,09-30-2024,DAN'S PAWN INC
,,"Civil,",10-23-2018,09-30-2026,RCM Technologies
,,"Civil,",06-04-2021,03-31-2026,
,,"Civil,",11-15-2021,09-30-2026,"ABNA Engineering, Inc."
,,"Civil,",05-19-2016,07-31-2027,Gulf Interstate Engineering
,,"Civil,",02-19-2020,12-31-2026,"Dallas Water Utility

Ingenix Engineering Limited Liability Company"
,,"Civil,",09-11-2025,06-30-2026,Charah Solutions
,,"Civil,",12-02-2021,09-30-2026,"HALFF ASSOCIATES, INC."
,,"Civil,",12-18-2009,09-30-2026,Chart Industries
,,"Civil,",12-20-2007,09-30-2026,City of Houston
,,"Civil,",12-18-2009,09-30-2026,"Coast & Harbor Engineering, Inc."
,,"Civil,",12-03-2019,09-30-2026,Laneli Engineers LLC
,,"Civil,",05-29-2018,07-31-2027,JACOBS ENGINEERING GROUP INC
,,"Civil,",08-18-2025,06-30-2026,"Maldonado-Burkett, LLP"
,,"Civil,",06-01-2017,07-31-2027,Houston Public Works - City of Houston
,,"Civil,",04-07-1980,03-31-2026,Lockheed Martin Aeronautics Company
,,"Civil,",05-09-2024,03-31-2026,
,,"Civil,",02-07-2022,12-31-2026,"Mana Engineering, LLC

Core Design Impact, LLC"
,,"Civil,",12-08-2016,09-30-2026,AECOM
,,"Civil,",10-21-2021,09-30-2026,"Lockwood, Andrews & Newnam, Inc

IMS Engineers, Inc."
,,"Civil,",07-08-2021,06-30-2026,Geosyntec Consultants
,,"Civil,",06-13-2003,03-31-2026,STV
,,"Civil,",08-14-2018,06-30-2026,Ahsan Consulting Engineers LLC
,,"Civil,",11-13-2023,09-30-2026,HNTB
,,"Civil,",07-26-1996,06-30-2026,ADVANCED CONSULTING ENGINEERS (dba)
,,"Civil,",12-19-2008,09-30-2026,USEPA
,,"Civil,",03-06-2020,12-31-2026,Texas Department of Transportation
,,"Civil,",08-31-2017,06-30-2026,Wade Trim
,,"Civil,",01-09-2003,12-31-2026,"The Levy Company, Inc."
,,"Civil,",06-20-2019,03-31-2026,Microsoft
,,"Civil,",04-12-2008,07-31-2027,ANAK Associates
,,"Civil,",07-11-2024,06-30-2026,JPC Merger Sub dba Jersey Precast
,,"Civil,",12-28-2005,09-30-2026,"Fugro USA Land, Inc."
,,"Civil,",01-14-2026,12-31-2026,Florida State University
,,"Civil,",10-25-2014,09-30-2026,Gwinnett County
,,"Civil,",07-21-2017,06-30-2026,Infrastructure Consulting and Engineering
,,"Civil,",06-08-2010,03-31-2026,"SunTas Holdings, LLC"
,,"Civil,",05-19-2023,07-31-2027,Dynamic Design Group Inc.
,,"Civil,",03-29-2021,12-31-2026,"arcadis-us

ABB CivilGroup"
,,"Civil,",05-24-2021,07-31-2027,Roads & Transportation Authority
,,"Civil,",05-13-2019,07-31-2027,Georgia bridge and concrete
,,"Civil,",10-08-2025,09-30-2026,"Kaisen Management Consulting, LLC - Texas Engineering Firm F-28037"
,,"Civil,",08-27-2019,06-30-2026,WALTER P MOORE & ASSOCIATES INC
,,"Civil,",02-14-2024,12-31-2026,Kiewit Infrastructure Engineers
,,"Civil,",05-24-2024,07-31-2027,
,,"Civil,",11-15-2021,09-30-2026,Haag Engineering Co
,,"Civil, 
Structural,",12-14-2011,09-30-2026,Wood PLC
,,"Civil,",10-29-2018,09-30-2026,Mehta & Associates
,,"Structural, 
Civil,",06-01-2001,07-31-2027,AJA Engineering LLC
,,"Civil,",09-19-2008,06-30-2026,Afridi Associates
,,"Civil,",10-04-2010,09-30-2025,
,,"Civil,",11-19-2019,09-30-2026,
,,"Civil,",07-03-2024,06-30-2026,Kiewit Engineering Group Inc.
,,"Civil,",10-19-2017,09-30-2026,"GFT Infrastructure, Inc"
,,"Civil,",11-06-2023,09-30-2026,"Ardurra Group, Inc."
,,"Civil,",10-19-1994,09-30-2026,City of Weslaco
,,"Civil,",07-05-2011,06-30-2026,HIF Global
,,"Civil,",12-04-2013,09-30-2026,"GWES, LLC

Aldridge Family Enterprises LLC"
,,"Civil,",09-12-1997,06-30-2026,Hanson Professional Services
,,"Civil,",06-19-2006,03-31-2026,"Walter P. Moore and Associates, Inc."
,,"Civil,",07-21-2023,06-30-2026,"Quiddity Engineering, LLC"
,,"Civil,",10-27-1988,09-30-2026,
,,"Civil,",03-18-2025,12-31-2026,"Leeward Renewable Energy, LLC

MSADEV, LLC"
,,"Civil,",02-20-2020,12-31-2026,"DAAR Engineering, Inc."
,,"Civil,",02-13-2013,12-31-2025,"Walker Reid Strategies, Inc."
,,"Civil, 
Structural,",09-04-2012,06-30-2026,"Adnan Engineering, P.C."
,,"Civil,",08-02-2022,06-30-2026,"Harris Civil Engineers, LLC"
,,"Civil,",12-18-2009,09-30-2026,ALLIANCE GEOTECHNICAL GROUP
,,"Civil,",04-07-2022,03-31-2026,Quiddity Engineering LLC
,,"Civil,",04-06-2021,07-31-2027,"Colliers Engineering & Design, Inc."
,,"Civil,",11-02-2014,09-30-2026,"Westwood Professional Services, Inc"
,,"Civil,",02-23-2026,01-31-2027,Urban DCCM
,,"Civil,",02-21-2017,12-31-2026,Naval Facilities Engineering Systems Command - Mid Atlantic
,,"Civil,",12-28-2005,09-30-2026,Harris County
,,"Civil,",03-02-2001,12-31-2026,Infra Tech Services (ITS)
,,"Civil,",09-17-2024,06-30-2026,BGE Inc.
,,"Civil,",01-09-1976,12-31-2026,LAN
,,"Civil,",09-02-2025,06-30-2026,Texas State University
,,"Civil,",03-03-1995,12-31-2026,Cornerstone Building Brands
,,"Civil,",03-31-2025,12-31-2026,"HR Green, Inc."
,,"Civil,",12-10-2024,09-30-2026,Gauge Engineering
,,"Civil,",10-29-2025,09-30-2026,
,,"Civil,",11-04-2019,09-30-2026,"City of DeSoto

Ahmed Alqaisi"
,,"Civil,",02-07-2020,12-31-2026,"AECOM Technical Services, Inc.

SAM Infrastructure LLC"
,,"Civil,",03-08-2010,12-31-2026,Freese & Nichols Inc.
,,"Civil,",07-15-2019,06-30-2026,"Prime Technical Services Inc,"
,,"Civil,",08-09-2023,06-30-2026,Tec Solar PLLC
,,"Civil,",03-20-2023,12-31-2026,Thornton Tomasetti
,,"Civil,",04-21-2021,07-31-2027,"Fieldstone A&E, LLC"
,,"Civil,",02-28-2020,12-31-2026,"Altieri Engineering, LLC"
,,"Civil,",05-25-2017,07-31-2027,Scientific Research Corporation
,,"Civil,",06-02-2004,03-31-2026,DBA Adrian Alvarado
,,"Civil,",08-29-2012,06-30-2026,Westwood Professional Services
,,"Civil,",02-07-1997,12-31-2026,
,,"Civil,",07-25-2017,06-30-2026,Ayres Associates
,,"Civil,",01-12-2018,12-31-2026,"WGI, Inc."
,,"Civil,",01-12-2026,12-31-2026,Stantec Consulting Services Inc
,,"Civil,",09-27-2023,06-30-2026,Fluor Enterprises Inc
,,"Civil,",10-15-2020,09-30-2026,A2 Consultants & Engineers LLC
,,"Civil,",08-21-2023,06-30-2026,Jupiter Power
,,"Civil,",10-11-2023,09-30-2026,City of Houston
,,"Civil,",01-25-2023,12-31-2026,"Carlson, Brigance & Doering, Inc."
,,"Civil,",12-29-2003,09-30-2026,-
,,"Civil,",02-08-2017,12-31-2025,Principal Services Management
,,"Civil,",05-16-2014,03-31-2026,"TEP OPCO, LLC"
,,"Civil,",07-11-2022,06-30-2026,Stantec Consulting Services Inc
,,"Civil,",12-04-2018,09-30-2026,OVIVO USA
,,"Civil,",12-12-2022,09-30-2026,"Quetica, LLC"
,,"Civil,",05-03-2018,03-31-2026,"Lockwood Andrews, and Newnam"
,,"Civil,",04-12-2017,07-31-2027,"Garver, LLC"
,,"Civil,",05-26-2015,07-31-2027,US Army Corps of Engineers
,,"Civil,",04-10-2018,07-31-2027,"Orange Barrel Engineers, P.C."
,,"Civil,",10-01-2024,09-30-2026,
,,"Civil,",12-04-2017,09-30-2026,Wood
,,"Civil,",05-01-2024,07-31-2027,KCI Technologies Inc
,,"Civil,",03-09-2021,12-31-2026,HDR ENGINEERING INC
,,"Civil,",07-21-2000,06-30-2026,"CEI Engineering Associates, Inc."
,,"Civil,",07-03-2024,06-30-2026,"HR Green, Inc."
,,"Civil,",06-22-2009,07-31-2027,"City of Philadelphia, Department of Aviation"
,,"Civil,",03-12-2024,12-31-2026,Parsons Corporation
,,"Civil,",03-27-2024,12-31-2026,Texas Department of Transportation
,,"Civil,",05-31-2016,03-31-2026,WSP USA
,,"Civil,",01-04-1991,12-31-2026,Alliance Geotechnical Group
,,"Civil,",02-08-2017,12-31-2026,San Antonio Water System
,,"Civil,",12-04-2017,09-30-2026,USACE Ft. Worth District
,,"Civil,",04-13-2018,07-31-2027,"Vogler & Spencer Engineering, Inc."
,,"Civil,",06-10-2008,07-31-2027,"Walker Partners | Freese and Nichols Joint Venture

Walker Partners"
,,"Civil,",07-30-1982,06-30-2026,MOLZEN-CORBIN & ASSOCIATES PA
,,"Civil,",08-15-2019,06-30-2026,"Flatiron Construction Corp.

Brothers Geotechnical Consulting"
,,"Civil,",04-30-2018,03-31-2026,Parkhill Smith & Cooper
,,"Civil,",12-20-2007,09-30-2026,"Augmenting Design LLC

The Walsh Group ( Archer Western)"
,,"Civil,",12-03-2018,09-30-2026,Kiewit Power Engineers
,,"Civil,",09-08-2021,06-30-2026,GLENN ENGINEERING CORP
,,"Civil,",02-07-2020,12-31-2026,City of College Station
,,"Civil,",07-16-1984,06-30-2024,Retired
,,"Civil,",12-13-2017,09-30-2026,"ATex Energy Consulting, LLC."
,,"Civil,",12-08-2016,09-30-2026,"Atwell, LLC"
,,"Civil,",05-08-2024,07-31-2027,"LJA Engineering, Inc."
,,"Civil,",09-17-1986,06-30-2026,Ardurra
,,"Civil,",09-02-2024,06-30-2026,SiEnergy
,,"Civil,",03-09-2026,01-31-2027,
,,"Civil,",12-18-2009,09-30-2026,"Texas Department of Transportation

Aaron Arroyo, P.E."
,,"Civil,",12-10-2003,09-30-2026,MA Engineering & Construction LLC
,,"Civil,",04-29-2019,07-31-2027,"Kimley-Horn and Associates, Inc."
,,"Civil,",06-07-2022,03-31-2026,"Pinnacle Engineering Group, LLC"
,,"Civil,",07-19-2022,06-30-2026,WILSON & COMPANY INC ENGINEERS & ARCHITECTS
,,"Civil, 
Structural - 16 hour exam,",01-31-2018,12-31-2026,Stantec Consulting Services Inc
,,"Civil,",10-09-2018,09-30-2026,HNTB
,,"Civil,",07-26-1996,06-30-2026,"AECOM Technical Services, Inc.

URS Corporation"
,,"Civil,",12-28-2005,09-30-2026,"USDA, ARS, Beltsville Agricultural Research Center"
,,"Civil,",05-22-2024,03-31-2026,BURNS & MCDONNELL ENGINEERING CO INC
,,"Civil,",03-29-2022,12-31-2026,HDR ENGINEERING INC
,,"Civil,",03-27-2023,12-31-2026,Repsol
,,"Civil,",07-08-2014,06-30-2026,"Patterson and Dewar Engineers, Inc."
,,"Civil,",07-18-2025,06-30-2026,
,,"Civil,",10-23-2020,09-30-2026,"Walter P Moore and Associates, Inc"
,,"Civil,",11-07-2016,09-30-2026,Clayco Design & Engineering Inc.
,,"Civil,",03-06-2019,12-31-2026,TxDOT
,,"Civil,",06-10-2008,03-31-2026,City of Austin
,,"Civil,",10-03-2019,09-30-2026,
,,"Civil,",06-13-2003,03-31-2026,"Atkins North America, Inc."
,,"Civil,",12-12-2019,09-30-2026,USACE IWR-RMC-WD
,,"Civil,",10-04-2024,09-30-2026,
,,"Civil,",12-27-2006,09-30-2026,"Kimley-Horn and Associates, Inc."
,,"Civil,",07-03-2014,06-30-2026,"Avery Engineering, PLLC"
,,"Civil,",07-25-2022,06-30-2026,
,,"Civil,",05-04-2020,03-31-2026,
,,"Civil,",09-06-2022,06-30-2026,Kimley-Horn
,,"Civil,",07-12-2002,06-30-2026,City of Fort Worth
,,"Civil,",03-24-2025,12-31-2026,Tait Pitkin Sports Engineers PLLC
,,"Civil,",07-29-2004,06-30-2026,Duke Energy
,,"Civil,",05-27-2025,03-31-2026,"AECOM Technical Services, Inc."
,,"Civil,",12-14-2011,09-30-2026,Terracon
,,"Civil,",05-15-2009,03-31-2026,University of East London
,,"Civil,",04-02-2024,07-31-2027,
,,"Civil,",11-15-2022,09-30-2026,"Amin Azimian

AECOM Technical Services, Inc."
,,"Civil,",09-20-2023,06-30-2026,"Dutchland, LLC"
,,"Civil,",07-20-2001,06-30-2026,
,,"Civil,",12-27-2017,09-30-2026,"Kimley-Horn and Associates, Inc."
,,"Civil,",11-12-2024,09-30-2026,"S. T. Hudson Engineers, Inc."
,,"Civil,",05-17-2023,07-31-2027,Guidon Design Inc
,,"Civil,",05-13-2019,07-31-2027,Kosmos Group
,,"Civil,",04-04-2007,03-31-2026,"B2Z Engineering, LLC

L&G Engineering"
,,"Civil,",05-25-2017,03-31-2026,Texas Department of Transportation
,,"Civil,",05-03-2022,03-31-2026,Agha Engineering
,,"Civil, 
Structural,",05-26-2015,07-31-2027,"PTSI Managed Services Inc

HS"
,,"Civil, 
Environmental,",12-27-2006,09-30-2026,"Atlas Technical Consultants, LLC"
,,"Civil,",08-10-2021,06-30-2026,SESI Consulting Engineers
,,"Civil,",03-17-2017,12-31-2026,JACOBS ENGINEERING GROUP INC
,,"Civil,",04-18-2019,07-31-2027,Subsea7
,,"Civil,",08-03-2022,06-30-2026,MC Consultants
,,"Civil,",10-03-2017,09-30-2026,"Quality Civil Designs, LLC"
,,"Civil,",10-29-2019,09-30-2026,"CDM Smith Inc.

Baig Engineering, LLC"
,,"Civil,",06-23-2025,03-31-2026,ArcXis
,,"Civil,",07-26-2022,06-30-2026,City of Bossier City
,,"Civil,",12-04-2017,09-30-2026,"TTL, Inc. (Tuscaloosa Testing Laboratory)"
,,"Civil,",12-20-2017,09-30-2026,"Tidal Basin Government Consulting, LLC"
,,"Civil,",11-29-2018,09-30-2026,Tectonic Engineering Consultants P.C.
,,"Civil,",07-27-2006,06-30-2026,Incredible Homes
,,"Civil,",10-20-2023,09-30-2026,Environmental Corporation of America (ECA)
,,"Civil,",03-18-2021,12-31-2026,Michael Baker International
,,"Civil,",02-27-2023,12-31-2026,TEI Planning + Design
,,"Civil,",04-21-2017,07-31-2027,SABINE RIVER AUTHORITY OF TEXAS
,,"Civil,",11-04-2024,09-30-2026,
,,"Civil,",12-02-2021,09-30-2026,LJA Engineering
,,"Civil,",01-25-2021,12-31-2026,South Dakota State University
,,"Civil,",04-14-1983,03-31-2026,
,,"Civil,",01-06-2025,12-31-2026,Oncor Electric Delivery Company
,,"Civil,",07-14-2021,06-30-2026,
,,"Civil,",08-24-2017,06-30-2026,Walter P Moore
,,"Civil,",12-15-2023,09-30-2026,Michael Baker International
,,"Civil,",03-18-2024,12-31-2026,TxDOT
,,"Civil,",03-16-2021,12-31-2026,Virginia Department of Transportation
,,"Civil,",02-27-2018,12-31-2026,PM&A
,,"Civil,",12-11-2015,09-30-2026,"LJA Engineering, Inc"
,,"Civil,",06-08-2010,03-31-2026,"MMES, Meals-Myers"
,,"Civil,",10-28-2022,09-30-2026,"Cedarville Engineering Group, llc"
,,"Civil,",12-18-2009,09-30-2026,"Terracon Consultants, Inc."
,,"Civil,",06-01-2021,07-31-2027,DAVID EVANS AND ASSOCIATES INC
,,"Civil,",02-07-2024,12-31-2026,"Duplantis Design Group, PC"
,,"Civil,",08-25-2014,06-30-2026,Sightline Commercial Solutions
,,"Civil, 
Structural,",03-06-2020,12-31-2026,"PICKETT, KELM & ASSOCIATES, INC."
,,"Civil,",06-16-2021,03-31-2026,"Wallace Design Collective, PC"
,,"Civil,",10-17-2024,09-30-2026,Bohannan Huston Inc
,,"Civil,",09-04-2018,06-30-2026,Dashiell Corporation
,,"Civil,",03-23-1989,12-31-2026,"Terreno Development Group, LLC

Terreno Development Group, LLC"
,,"Civil,",02-24-1988,12-31-2025,"ARBA Consultants, LLC"
,,"Civil,",03-23-2023,12-31-2026,Texas Department of Transportation
,,"Civil,",08-09-2022,06-30-2026,Redtail Renewables
,,"Civil, 
Fire Protection,",12-18-2009,09-30-2026,CITY OF FRISCO
,,"Civil,",12-04-2013,09-30-2026,"Viking Contractors, LLC"
,,"Civil,",05-13-2016,03-31-2026,Worley
,,"Civil,",10-23-2023,09-30-2026,EHRA Engineering
,,"Civil,",12-29-2010,09-30-2026,Burns & McDonnell
,,"Civil,",09-18-1992,06-30-2026,Volkert
,,"Civil,",02-06-1998,12-31-2026,SPAWGLASS CONTRACTORS INC
,,"Civil,",04-14-1983,03-31-2026,21st Century Technocrats & Consultants
,,"Civil,",02-19-2013,12-31-2026,"Whirlwind Steel Buildings, Inc."
,,"Civil,",06-10-2008,03-31-2026,Delta Stewardship Council
,,"Civil,",12-15-2004,09-30-2026,"5engineering, LLC"
,,"Civil,",06-15-2016,07-31-2027,"Carollo Engineers, Inc."
,,"Civil,",03-27-2024,12-31-2026,RIMKUS CONSULTING GROUP INC
,,"Civil,",09-28-2021,06-30-2026,Harris County Engineering Department
,,"Civil,",11-12-2020,09-30-2026,JACOBS ENGINEERING GROUP INC
,,"Civil,",03-05-2018,12-31-2026,"HALFF Associates, Inc"
,,"Civil,",08-12-1988,06-30-2026,Self Employed
,,"Civil,",06-14-2016,07-31-2027,"Waldemar S. Nelson and Co., Inc."
,,"Civil,",12-29-2010,09-30-2026,"A.H. Beck Foundation Co., Inc."
,,"Civil,",05-25-2017,03-31-2026,
,,"Civil,",04-12-2023,03-31-2026,Red Plains Professional Inc
,,"Civil,",04-22-2016,07-31-2027,WSP
,,"Civil,",03-05-2020,12-31-2026,"Ackerman-Estvold Engineering and Management Consulting, Inc."
,,"Civil,",04-17-2024,03-31-2026,"Halff Associates, Inc."
,,"Civil,",04-07-1982,07-31-2027,Parsons Transportation Group
,,"Civil,",06-30-2021,03-31-2026,Bechtel Energy Inc.
,,"Civil,",10-20-2005,09-30-2026,ARASH BEIKI P.E. INC
,,"Civil,",12-23-1999,09-30-2026,JACOBS ENGINEERING GROUP INC
,,"Civil,",01-08-2020,12-31-2026,HNTB CORPORATION
,,"Civil,",04-27-2012,03-31-2026,"HR Green, Inc."
,,"Civil,",08-08-2022,06-30-2026,Manhard Consulting Ltd.
,,"Civil,",12-11-2015,09-30-2026,Pape dawson
,,"Civil,",02-24-2025,12-31-2026,"Atwell, LLC"
,,"Civil,",10-01-2018,09-30-2026,Halff Associates
,,"Civil,",01-06-1989,12-31-2026,UNITED STATES ENVIRONMENTAL PROTECTION AGENCY
,,"Civil,",12-28-2005,09-30-2026,WB Development Partners LLC
,,"Civil,",05-19-2016,03-31-2026,
,,"Civil,",08-29-2024,06-30-2026,"Atwell, LLC"
,,"Civil,",06-25-2019,03-31-2026,"Parkhill, Smith & Cooper, Inc."
,,"Civil,",03-30-2016,12-31-2026,Durability Engineers PLLC
,,"Civil,",07-20-2001,06-30-2026,City of Austin
,,"Civil,",12-21-2010,09-30-2026,Binkley Barfield
,,"Civil,",07-13-2023,06-30-2026,DKS Associates
,,"Civil,",05-25-2021,07-31-2027,"TEP OPCO, LLC"
,,"Civil,",12-29-2010,09-30-2026,"Falkofske Engineering, Inc."
,,"Civil,",12-28-2005,09-30-2026,"BlueScope Buildings North America, Inc."
,,"Civil,",05-04-2016,03-31-2026,"BCC Engineering, LCC"
,,"Civil,",12-30-2021,09-30-2026,IMEG Corp.
,,"Civil,",02-10-2015,12-31-2026,"SE3, LLC"
,,"Civil,",06-15-2007,07-31-2027,"LJA Engineering, LLC"
,,"Civil,",06-06-2018,03-31-2026,"BGE, Inc."
,,"Civil,",04-11-2007,03-31-2024,Jacobs
,,"Civil, 
Mechanical,",01-31-2019,12-31-2026,Plummer
,,"Civil,",05-22-2013,03-31-2026,Bechtel Corporation
,,"Civil,",03-27-2023,12-31-2026,TxDOT
,,"Civil,",04-12-2017,03-31-2026,The University of Texas at Austin
,,"Civil,",12-11-2015,09-30-2026,Audubon Companies
,,"Civil,",12-15-2014,09-30-2026,Subsea7
,,"Civil,",04-08-2022,07-31-2027,Fugro USA Land Inc.
,,"Civil,",10-29-2025,09-30-2026,
,,"Civil,",02-20-2020,12-31-2026,TEXAS A&M TRANSPORTATION INSTITUTE
,,"Civil,",04-18-2019,03-31-2026,"MAKMO DESIGN LLC

Ashley Bice"
,,"Civil,",05-08-2024,03-31-2026,Westwood Professional Services
,,"Civil,",10-21-2014,09-30-2026,"Encon Services, Inc."
,,"Civil,",12-03-2024,09-30-2026,GHD
,,"Civil,",04-17-2017,03-31-2026,"Johnson, Mirmiran & Thompson, Inc."
,,"Civil,",04-13-2015,07-31-2027,Segue KY LLC
,,"Civil,",12-10-2003,09-30-2026,
,,"Civil,",09-30-2024,06-30-2026,"Unarco Material Handling, Inc."
,,"Civil,",11-16-2016,09-30-2026,Cianbro Equipment
,,"Civil,",02-05-2025,12-31-2026,KiloNewton LLC
,,"Civil,",04-27-2020,03-31-2026,PARSONS TRANSPORTATION GROUP INC
,,"Civil,",03-01-1991,12-31-2026,HNTB CORPORATION
,,"Civil,",07-12-2002,06-30-2026,"Jones & Carter, Inc."
,,"Civil,",02-14-1992,12-31-2026,COUNTY OF DALLAS PUBLIC WORKS
,,"Civil,",12-18-2023,09-30-2026,LJA Engineering
,,"Civil,",04-03-2017,07-31-2027,"Go-Broadband, LLC"
,,"Civil,",09-11-2017,06-30-2026,CEC Corporation
,,"Civil,",10-11-2018,09-30-2026,"DN Tanks, LLC"
,,"Civil,",06-07-2022,07-31-2027,GMcivil
,,"Civil,",06-15-2007,07-31-2027,TXDOT
,,"Civil,",06-08-2010,03-31-2026,Williamson County
,,"Civil,",12-18-2024,09-30-2026,"Killam Development Ltd.

Blackstar Engineering, LLC"
,,"Civil,",10-10-2016,09-30-2026,
,,"Civil,",04-17-2025,07-31-2027,"HDR Engineering, Inc."
,,"Civil,",07-23-1999,06-30-2026,Burns & McDonnell
,,"Civil,",12-20-2007,09-30-2026,"Amentum

Bohlin Design & Engineering, Inc."
,,"Civil,",09-30-2025,06-30-2026,HDR ENGINEERING INC
,,"Civil,",12-27-2006,09-30-2026,"Atwell, LLC"
,,"Civil,",11-10-2020,09-30-2026,"Structural Technologies, LLC"
,,"Civil,",07-12-2018,06-30-2026,Oncor Electric Delivery
,,"Civil,",07-19-1985,06-30-2026,MELDEN & HUNT INC
,,"Civil,",09-17-2020,06-30-2026,GarzaEMC LLC
,,"Civil,",04-02-2019,03-31-2026,Toren Engineering LLC
,,"Civil,",06-13-2024,03-31-2026,Texas Department of Transportation
,,"Civil,",08-14-2024,06-30-2026,"AECOM Technical Services, Inc."
,,"Civil,",12-12-2012,09-30-2026,TEXAS DEPARTMENT OF TRANSPORTATION
,,"Civil,",06-21-2017,03-31-2026,TYPSA
,,"Civil,",06-21-2019,03-31-2026,San Antonio Water System
,,"Civil,",04-08-2021,07-31-2027,"1020 Ventures LLC

Civil Design Engineering, LLC"
,,"Civil,",08-19-2015,06-30-2026,City of Austin
,,"Civil,",03-07-2003,12-31-2026,Texas Department of Transportation
,,"Civil,",01-21-2021,12-31-2026,JACOBS ENGINEERING GROUP INC
,,"Civil,",09-20-1996,06-30-2026,"ANBC Enterprises, LLC"
,,"Civil,",12-06-2022,09-30-2026,"Texas Department of Transportation

Boucher Engineering"
,,"Civil,",08-27-1993,06-30-2026,The Dow Chemical Company
,,"Civil,",07-09-2025,06-30-2026,
,,"Civil,",11-20-2018,09-30-2026,"LJA Engineering, Inc."
,,"Civil,",12-27-2006,09-30-2026,CITY OF HOUSTON
,,"Civil,",05-22-2013,03-31-2026,Occidental Petroleum
,,"Civil,",10-28-2025,09-30-2026,
,,"Civil,",11-06-2025,09-30-2026,"BGE, INC."
,,"Civil,",06-28-2023,03-31-2026,KIMLEY-HORN & ASSOCIATES INC
,,"Civil,",05-19-2016,03-31-2026,"Utilimatics, LLC

Ursus, Inc."
,,"Civil,",08-07-2020,06-30-2026,
,,"Civil,",10-30-1998,09-30-2026,
,,"Civil,",12-18-2009,09-30-2026,Bechtel Energy Inc.
,,"Civil,",06-23-2005,03-31-2026,
,,"Civil,",06-14-2017,03-31-2026,"I & S Group, Inc."
,,"Civil,",07-12-2017,06-30-2026,DR Horton
,,"Civil,",11-17-2017,09-30-2026,"Flatiron Dragados Constructors, Inc"
,,"Civil,",07-30-2010,06-30-2026,"Ardurra Group, Inc."
,,"Civil,",08-03-2022,06-30-2026,"Olsson, Inc."
,,"Civil,",09-20-2021,06-30-2026,GeoSyntec Consultants Inc
,,"Civil,",08-03-2020,06-30-2026,Parkhill Smith and Cooper Inc
,,"Civil,",12-15-2004,09-30-2026,Briones Development & Engineering
,,"Civil,",03-22-2022,12-31-2026,KIMLEY-HORN & ASSOCIATES INC
,,"Civil,",09-15-2023,06-30-2026,"Johnson, Mirmiran & Thompson, Inc."
,,"Civil,",04-06-2023,03-31-2026,"Forensic Engineering Company, LLC"
,,"Civil,",04-26-2011,07-31-2027,AB Engineering
,,"Civil,",05-02-2023,07-31-2027,"Raba Kistner, Inc."
,,"Civil,",12-08-2016,09-30-2026,"Kimley-Horn and Associates, Inc."
,,"Civil,",06-19-2006,03-31-2026,Smith County
,,"Civil,",04-24-2017,03-31-2026,"LJA Engineering, Inc."
,,"Civil,",02-17-2026,01-31-2027,US Army Corps of Engineers
,,"Civil,",04-10-2013,03-31-2026,"Crimson Engineering Associates, Inc."
,,"Civil,",04-18-2018,03-31-2026,WESTON SOLUTIONS INC
,,"Civil,",07-11-1997,06-30-2025,ADRIAN BROWN CONSULTANTS INC
,,"Civil,",07-26-2023,06-30-2026,Aptim
,,"Civil,",12-06-2018,09-30-2026,WSP New Zealand Limited
,,"Civil,",12-04-2013,09-30-2026,Bechtel Energy Inc
,,"Civil,",04-29-1982,07-31-2027,
,,"Civil,",12-11-2015,09-30-2026,"Balcones Geotechnical, LLC"
,,"Civil,",05-15-2017,07-31-2027,AUSTIN WATER UTILITY CITY OF AUSTIN
,,"Civil,",11-14-2012,09-30-2026,HNTB CORPORATION
,,"Civil,",05-21-2014,07-31-2027,"EA Engineering, Science, and Technology, Inc., PBC"
,,"Civil,",05-25-2011,03-31-2026,"Quiddity Engineering, LLC"
,,"Civil,",07-27-1983,06-30-2026,ALAN C BRYANT PE
,,"Civil,",06-04-2021,03-31-2026,Bryant Enterprises LLC
,,"Civil,",05-27-2015,07-31-2027,Freese & Nichols
,,"Civil,",03-18-2021,12-31-2026,"Volkert, Inc."
,,"Civil,",10-09-2023,09-30-2026,"Gauge Engineering, LLC"
,,"Civil,",01-14-2004,12-31-2026,
,,"Civil,",08-12-1988,06-30-2025,
,,"Civil,",02-04-2021,12-31-2026,"EA Engineering, Science, and Technology, Inc., PBC"
,,"Civil,",05-25-2011,03-31-2026,Subsea7
,,"Civil,",03-22-2016,12-31-2026,"WSP USA Inc.

AECOM Technical Services, Inc."
,,"Civil,",04-27-2023,07-31-2027,Providence Engineering and Environmental Group LLC
,,"Civil,",01-16-2020,12-31-2026,JACOBS ENGINEERING GROUP INC
,,"Civil,",06-22-2009,03-31-2026,MWM DesignGroup
,,"Civil,",12-18-2009,09-30-2025,"State of California, Department of Water Resources"
,,"Civil,",05-25-2017,07-31-2027,North Forest Office Space
,,"Civil,",05-08-2017,07-31-2027,McLennan County
,,"Civil,",01-06-2026,12-31-2026,BLACK & VEATCH CORPORATION
,,"Civil,",11-29-2017,09-30-2026,"ATOKA, Inc."
,,"Civil,",12-04-2013,09-30-2026,
,,"Civil,",07-23-2019,06-30-2026,JACOBS ENGINEERING GROUP INC
,,"Civil,",12-15-2004,09-30-2026,U.S. Army Corps of Engineers
,,"Civil,",09-06-2018,06-30-2026,Texas Department of Transportation
,,"Civil,",05-15-2025,07-31-2027,CDM Smith
,,"Civil,",11-07-2007,09-30-2026,El Paso Water Utilities
,,"Civil,",08-27-2019,06-30-2024,"Lopez Engineering, Inc."
,,"Civil,",01-17-2019,12-31-2026,FREESE AND NICHOLS INC
,,"Civil,",05-23-2015,03-31-2025,Walt Disney World
,,"Civil,",05-16-1997,03-31-2026,"Schnabel, Inc.

Schnabel Engineering, LLC"
,,"Civil,",10-26-2020,09-30-2026,V&A Consulting Engineers
,,"Civil,",10-22-2021,09-30-2026,STV Infrastructure
,,"Civil,",03-26-1999,12-31-2026,LBA Realty LLC
,,"Civil,",09-08-2023,06-30-2026,NTTA
,,"Civil,",06-13-2003,07-31-2027,Camacho-Hernandez & Associates LLC
,,"Civil,",12-09-2025,09-30-2026,"LJA Engineering, Inc."
,,"Civil,",09-29-2005,06-30-2026,"Andrew H. Campbell, PE"
,,"Civil,",11-07-2018,09-30-2026,Box Investment Group
,,"Civil,",12-14-2011,09-30-2026,City of Arlington
,,"Civil,",12-27-2006,09-30-2026,Optimized Process Designs LLC
,,"Civil,",07-10-2018,06-30-2026,"ReUse Engineering, Inc.

TCCI Consulting LLC"
,,"Civil,",12-11-2015,09-30-2026,"TEXAS DEPT. OF TRANSPORATION - CAMERON COUNTY DISTRICT OFFICE

Anthony Cantu"
,,"Civil,",02-18-2026,01-31-2027,STANLEY CONSULTANTS INC
,,"Civil,",06-08-2010,07-31-2027,Antea Group
,,"Civil,",10-10-2012,09-30-2026,North Texas Municipal Water District
,,"Civil,",07-20-2001,06-30-2026,Rodriguez Transportation Group
,,"Civil,",02-23-2026,01-31-2027,"Ardurra Group, Inc."
,,"Civil,",05-10-2022,07-31-2027,"EnviroProof, LLC"
,,"Civil,",06-08-2010,07-31-2027,WSP USA Inc.
,,"Civil,",06-05-2020,03-31-2026,"Valmont Industries, Inc."
,,"Civil,",09-21-2020,06-30-2026,TY Lin International
,,"Civil,",03-03-2022,12-31-2026,City of Edinburg
,,"Civil,",08-22-2022,06-30-2026,"Barraza Consulting Group, LLC"
,,"Civil,",03-20-2019,12-31-2026,Dunaway Associates
,,"Civil,",01-15-2025,12-31-2026,TRC Companies
,,"Civil,",01-10-2025,12-31-2026,CivTech Inc.
,,"Civil,",06-08-2010,07-31-2027,LJA Engineering & Surveying Inc (dba) LJA Engineering Inc
,,"Civil,",04-25-2019,03-31-2026,"KSA Engineers

Pape-Dawson Consulting Engineers, LLC (DBA:)"
,,"Civil,",06-19-2006,03-31-2026,"Carrillo Engineering, LLC"
,,"Civil,",02-06-2015,12-31-2026,Vepica USA Inc.
,,"Civil,",01-03-2015,12-31-2026,"Tri-Tech Engineering, LP"
,,"Civil,",05-29-2012,03-31-2026,
,,"Civil,",03-05-2020,12-31-2026,Dell Technologies
,,"Civil,",07-20-2001,06-30-2026,Texas Department of Transportation
,,"Civil,",07-19-2021,06-30-2026,FREESE AND NICHOLS INC
,,"Civil,",09-11-2019,06-30-2026,EXP U.S. Services Inc.
,,"Civil,",05-01-2024,07-31-2027,
,,"Civil,",03-02-2020,12-31-2025,"Webber, LLC"
,,"Civil,",12-15-2004,09-30-2026,AE Casco Consulting
,,"Civil,",10-21-2019,09-30-2026,"Precedent Wealth Partners, LLC"
,,"Civil,",10-18-2019,09-30-2026,Anvil Corporation
,,"Civil,",02-24-2020,12-31-2026,City of San Marcos
,,"Civil,",09-19-2022,06-30-2026,KIMLEY-HORN & ASSOCIATES INC
,,"Civil,",12-12-2022,09-30-2026,"Pape-Dawson Consulting Engineers, LLC"
,,"Civil,",04-22-2013,03-31-2026,"BGE, Inc."
,,"Civil,",12-19-2008,09-30-2026,HARRIS COUNTY TOLL ROAD AUTHORITY
,,"Civil,",12-29-2010,09-30-2026,"Technip, USA"
,,"Civil,",12-09-2021,09-30-2026,City of Houston
,,"Civil,",06-13-2003,03-31-2026,Sysco
,,"Civil,",11-01-2022,09-30-2026,Halff
,,"Civil,",04-23-2021,03-31-2026,FREESE AND NICHOLS INC
,,"Civil,",02-25-2013,12-31-2026,El Paso Water Utilities
,,"Civil,",05-29-2012,03-31-2026,American Structurepoint
,,"Civil,",11-07-2018,09-30-2026,Fluor Enterprises Inc
,,"Civil,",04-03-2023,07-31-2027,Texas Department of Transportation
,,"Civil,",11-17-2016,09-30-2026,
,,"Civil,",06-22-2009,07-31-2027,"FLUOR ENTERPRISES, INC"
,,"Civil,",10-10-2016,09-30-2026,WSP USA
,,"Civil,",08-14-2020,06-30-2026,JMC2
,,"Civil,",12-03-1984,09-30-2026,
,,"Civil,",09-03-2019,06-30-2026,STV
,,"Civil,",12-15-2025,09-30-2026,"Othon, Inc."
,,"Civil,",03-13-2012,12-31-2026,Clean Brook Engineering P.C.
,,"Civil,",05-26-2015,03-31-2026,Sempra Infrastructure
,,"Civil,",05-16-2017,07-31-2027,Terraphase Engineering
,,"Civil,",09-03-2019,06-30-2026,"Building Theory LLC

Concept Engineers Inc"
,,"Civil,",05-12-2021,03-31-2026,"LJA Engineering, Inc."
,,"Civil,",06-06-2002,03-31-2026,"exp, U.S. Services Inc."
,,"Civil,",08-21-2018,06-30-2026,Kleinfelder
,,"Civil,",03-23-2009,12-31-2026,"BGE, Inc."
,,"Civil,",11-02-2001,09-30-2026,MARATHON OIL CO
,,"Civil,",10-30-2014,09-30-2026,"Subsurface Constructors, Inc."
,,"Civil,",07-18-2023,06-30-2026,
,,"Civil,",03-10-2022,12-31-2026,Texas Department of Transportation
,,"Civil,",09-08-2015,06-30-2026,Arcadis
,,"Civil,",05-02-2022,03-31-2026,HNTB CORPORATION
,,"Civil,",05-19-2016,03-31-2026,"Pape Dawson Engineers, Inc."
,,"Civil,",03-08-1988,12-31-2026,"Garver LLC

CHAVEZ AUTOMATED DESIGN CONSULTANTS"
,,"Civil,",06-20-2018,03-31-2026,Luminant Mining Company LLC
,,"Civil,",12-09-2019,09-30-2026,ARCADIS US INC
,,"Civil,",12-05-2025,09-30-2026,"Halff Associates, Inc."
,,"Civil,",11-03-2020,09-30-2026,JACOBS ENGINEERING GROUP INC
,,"Civil,",05-13-2024,07-31-2027,"Woolpert, Inc."
,,"Civil,",06-18-2024,07-31-2027,Omega Engineers Inc
,,"Civil,",05-29-2024,03-31-2026,"Gauge Engineering, LLC"
,,"Civil,",01-09-2003,12-31-2026,
,,"Civil,",02-28-2024,12-31-2026,Texas Department of Transportation
,,"Civil,",10-05-2021,09-30-2026,"Kimley-Horn & Associates, Inc."
,,"Civil,",07-08-2019,06-30-2026,AECOM
,,"Civil,",04-29-2024,07-31-2027,"City of Austin, Watershed Protection Department"
,,"Civil,",12-07-2013,09-30-2026,City of San Antonio
,,"Civil,",12-20-2007,09-30-2026,Bechtel Energy
,,"Civil,",11-22-1988,09-30-2026,APC Engineering
,,"Civil,",10-23-2023,09-30-2026,"Legacy Engineering Group, PLLC"
,,"Civil,",11-18-2016,09-30-2026,"CROM, LLC"
,,"Civil,",04-09-2024,07-31-2027,AEG PSC
,,"Civil,",12-19-2008,09-30-2026,Parsons Corporation
,,"Civil,",04-27-1978,07-31-2027,
,,"Civil,",06-12-2023,07-31-2027,Center for Watershed Protection
,,"Civil,",04-29-2019,03-31-2026,Hilti North America
,,"Civil,",04-22-2022,03-31-2026,"Railroad Infrastructure & Terminal Development, LLC"
,,"Civil,",10-27-1988,09-30-2026,"Journeyman Group

Alex G Clarke"
,,"Civil,",05-25-2017,07-31-2027,Keller North America
,,"Civil,",03-27-2024,12-31-2026,"BGE, Inc."
,,"Civil,",05-11-1988,07-31-2027,"Del Zotto Products of Texas, Inc.

A. M. Clendenin, P.E."
,,"Civil,",04-14-2022,07-31-2027,Barr Engineering Co.
,,"Civil,",06-10-2008,03-31-2026,
,,"Civil,",08-20-2024,06-30-2026,KIMLEY-HORN
,,"Civil,",01-23-2023,12-31-2026,Charles Taylor Engineering & Technical Services
,,"Civil,",06-15-2007,07-31-2027,Robert W. Baird & Co. Incorporated
,,"Civil,",01-11-1995,12-31-2026,Self-employed
,,"Civil,",05-05-2004,03-31-2026,"City of Stillwater, Oklahoma"
,,"Civil,",03-29-2023,12-31-2026,S&ME INC
,,"Civil,",02-04-2000,12-31-2026,Retired - Self Employed
,,"Civil,",09-06-2024,06-30-2026,"Modjeski and Masters, Inc."
,,"Civil,",06-21-2018,03-31-2026,HANSON PROFESSIONAL SERVICES INC
,,"Civil,",10-22-2025,09-30-2026,
,,"Civil,",12-14-2011,09-30-2026,Freese & Nichols
,,"Civil,",01-29-2021,12-31-2026,Pape Dawson
,,"Civil,",09-02-2021,06-30-2026,"Austin Bridge & Road, LP"
,,"Civil,",03-31-2020,12-31-2026,"Pape-Dawson Consulting Engineers, LLC"
,,"Civil,",06-19-1992,03-31-2026,WorleyParsons Group Inc.
,,"Civil,",05-22-2015,03-31-2026,The Dow Chemical Company
,,"Civil,",06-13-2003,03-31-2026,DOWL
,,"Civil,",01-10-2023,12-31-2026,Sundt Construction
,,"Civil,",07-30-2025,06-30-2026,"IDS Engineering Group, Inc."
,,"Civil,",05-25-2017,03-31-2026,"BGE, Inc."
,,"Civil,",01-26-2018,12-31-2026,Oncor Electric Delivery
,,"Civil,",07-26-2022,06-30-2026,Gresham Smith
,,"Civil,",03-02-2026,01-31-2027,"SEMA Construction, Inc."
,,"Civil,",05-19-2025,07-31-2027,Gilson Engineering
,,"Civil,",07-11-2025,06-30-2026,
,,"Civil,",06-16-2022,03-31-2026,Freehold Capital Management
,,"Civil, 
Structural,",03-19-2025,12-31-2026,"GFT Infrastructure, Inc."
,,"Civil,",02-27-2024,12-31-2026,"LJA Engineering, Inc."
,,"Civil,",10-19-2021,09-30-2026,"Westwood Professional Services, Inc"
,,"Civil,",05-16-2023,03-31-2026,WSP USA Inc.
,,"Civil,",09-09-2024,06-30-2026,"Rimkus Consulting Group, Inc."
,,"Civil,",08-02-2019,06-30-2026,"Musser Engineering Associates, Inc."
,,"Civil,",06-21-2019,07-31-2027,"T. Baker Smith, LLC"
,,"Civil,",08-24-1984,06-30-2026,L&G Engineering
,,"Civil,",06-02-2004,03-31-2026,Skipper Consulting
,,"Civil,",02-09-2001,12-31-2026,Hanwha Ocean USA
,,"Civil,",04-25-2022,03-31-2026,TEXAS DEPARTMENT OF TRANSPORTATION
,,"Civil,",05-25-2017,07-31-2027,"Traf-IQ, Inc"
,,"Civil,",09-27-2022,06-30-2026,"Tarr Design Group, LLC"
,,"Civil,",01-24-2024,12-31-2026,KIMLEY HORN
,,"Civil,",06-08-2010,07-31-2027,"Building Engineering Consultants, Inc."
,,"Civil,",12-29-2010,09-30-2026,Just Right Engineering LLC
,,"Civil,",02-07-2020,12-31-2026,"Ferrovial Construction East, LLC"
,,"Civil,",12-04-2013,09-30-2026,"Ascend Consulting & Engineering, PLLC"
,,"Civil,",03-12-2020,12-31-2026,HDR ENGINEERING INC
,,"Civil,",06-21-2019,03-31-2026,Fairfax Water
,,"Civil,",05-29-2012,07-31-2027,FREESE & NICHOLS INC
,,"Civil,",05-08-2023,03-31-2026,RQAW Corporation
,,"Civil,",06-13-2003,03-31-2026,"Bentley Sysytems, Incorporated"
,,"Civil,",05-23-2015,03-31-2026,"HR Green, Inc."
,,"Civil,",10-14-2014,09-30-2026,Crunk Engineering LLC
,,"Civil,",06-04-2024,03-31-2026,"Nicklaus Engineering, Inc."
,,"Civil,",07-24-2023,06-30-2026,"Bartlett and West, Inc."
,,"Civil,",04-26-2007,07-31-2027,BB&E Consulting Engineers
,,"Civil,",04-24-2023,07-31-2027,WILSON & COMPANY INC ENGINEERS & ARCHITECTS
,,"Civil,",01-04-1991,12-31-2026,
,,"Civil,",01-18-2019,12-31-2026,HGA Engineering
,,"Civil,",02-09-2001,12-31-2026,GRANTHAM & ASSOCIATES AN LJB ENGINEERING COMP
,,"Civil,",03-05-2025,12-31-2026,"Halff Associates, Inc."
,,"Civil,",12-18-2024,09-30-2026,"Autodesk, Inc."
,,"Civil,",05-12-2025,07-31-2027,UNITED STATES ARMY CORPS OF ENGINEERS
,,"Civil,",01-17-2018,12-31-2026,National Laboratory of the Rockies
,,"Civil,",10-06-1989,09-30-2026,Clark Construction of Texas
,,"Civil,",09-15-2025,06-30-2026,City of Kyle
,,"Civil,",01-16-2003,12-31-2026,
,,"Civil,",03-13-2024,12-31-2026,"HR Green, Inc."
,,"Civil,",05-23-2016,03-31-2024,City of Falls Church
,,"Civil,",10-12-2018,09-30-2026,McDermott Inc.
,,"Civil,",09-15-2025,06-30-2026,Ulteig Engineers Inc
,,"Civil,",10-01-2025,09-30-2026,
,,"Civil,",08-05-2020,06-30-2026,WSB LLC
,,"Civil,",09-18-2020,06-30-2026,Iteris Inc
,,"Civil,",12-06-2018,09-30-2026,"Quiddity Engineering, LLC"
,,"Civil,",10-06-2000,09-30-2024,
,,"Civil,",05-02-2018,03-31-2026,"Carollo Engineers, Inc"
,,"Civil,",07-16-2021,06-30-2026,North Texas Municipal Water District
,,"Civil,",12-19-2024,09-30-2026,AMERICAN ELECTRIC POWER SERVICE CORPORATION
,,"Civil,",11-06-1998,09-30-2026,Self Employed
,,"Civil,",05-19-2016,03-31-2026,Fluor Corporation
,,"Civil,",03-07-2024,12-31-2026,AtkinsRealis
,,"Civil,",08-20-2024,06-30-2026,3500 NW Loop 410
,,"Civil,",06-10-2008,07-31-2027,"Halff Associates, Inc."
,,"Civil,",01-13-2025,12-31-2026,"Raba Kistner, Inc."
,,"Civil,",09-16-2022,06-30-2026,Tract
,,"Civil,",05-28-2024,03-31-2026,USACE Hydrologic Engineering Center
,,"Civil,",11-08-2013,09-30-2024,KCI Technologies
,,"Civil, 
Petroleum,",12-12-2012,09-30-2026,Wells Fargo Energy Group
,,"Civil,",03-06-2023,12-31-2026,Cude Engineers
,,"Civil,",12-01-2017,09-30-2026,Greater Orlando Aviation Authority
,,"Civil,",05-23-2012,07-31-2027,Raba Kistner
,,"Civil,",11-01-2021,09-30-2026,Halff
,,"Civil,",04-30-2024,03-31-2026,Rodriguez Transportation Group
,,"Civil,",09-12-1975,06-30-2026,DE ANDA ENGINEERING INC
,,"Civil,",08-22-2017,06-30-2026,Fluor Corporation
,,"Civil,",08-19-2025,06-30-2026,GRM Engineering LLC
,,"Civil,",12-14-2011,09-30-2026,Texas Department of Transportation
,,"Civil,",04-05-2021,07-31-2027,"BGE, Inc.

ADLR SERVICES LLC"
,,"Civil,",06-28-1991,03-31-2026,
,,"Civil,",01-09-2025,12-31-2026,CAMERON COUNTY DEPARTMENT OF TRANSPORTATION
,,"Civil,",04-08-2013,07-31-2027,Tesla
,,"Structural, 
Civil,",12-18-2009,09-30-2026,HKS Inc
,,"Civil,",12-08-2016,09-30-2026,JOHNSON & PACE INCORPORATED
,,"Civil,",11-14-2016,09-30-2026,WSP USA Inc.
,,"Civil,",08-17-2023,06-30-2026,"Lanier & Associates Consulting Engineers, Inc."
,,"Civil,",12-28-2005,09-30-2026,AGUIRRE & FIELDS LP
,,"Civil,",02-10-2022,12-31-2026,"R.R.P. Consulting Engineers, L.L.C."
,,"Civil,",10-16-2024,09-30-2026,"Edminster, Hinshaw, Russ & Associates"
,,"Civil,",11-29-2022,09-30-2026,"Civil & Environmental Consultants, Inc."
,,"Civil,",10-29-2014,09-30-2026,"Core Structure, inc."
,,"Civil,",08-13-2025,06-30-2026,
,,"Civil,",11-29-2023,09-30-2026,Aldea Services Inc.
,,"Civil,",12-08-2016,09-30-2026,City of Austin
,,"Civil,",06-19-2023,03-31-2025,County of Ventura
,,"Civil,",06-18-2024,07-31-2027,Texas Department of Transportation
,,"Civil,",11-27-2023,09-30-2026,Dunaway Associates LP
,,"Civil,",05-23-2023,03-31-2026,"HALFF ASSOCIATES, INC."
,,"Civil,",12-19-2008,09-30-2026,"Bowman Consulting Group, Ltd"
,,"Civil,",08-25-2021,06-30-2026,City of Houston
,,"Civil,",12-14-2011,09-30-2026,AECOM
,,"Civil,",11-14-2016,09-30-2026,Stantec
,,"Civil,",11-17-2021,09-30-2026,Garver
,,"Civil,",04-09-2021,07-31-2027,"H. W. Lochner, Inc."
,,"Civil,",04-09-1993,07-31-2027,"Bartlett & West, Inc.

Structural Assurance"
,,"Civil,",12-06-2018,09-30-2026,WSP USA INC
,,"Civil,",12-29-2010,09-30-2026,"Xylem, Inc. - Pure Technologies"
,,"Civil,",11-22-2021,09-30-2026,TETRA TECH INC
,,"Civil,",03-24-2025,12-31-2026,HDR Engineering Inc.
,,"Civil,",01-16-2020,12-31-2026,Pritzker Private Capital
,,"Civil,",12-09-2021,09-30-2026,WILLIAMS SCOTSMAN INC.
,,"Civil,",08-15-2019,06-30-2026,Professional Service Industries
,,"Civil,",09-30-1971,06-30-2024,"Freese and Nichols, Inc"
,,"Civil, 
Environmental,",05-19-2016,03-31-2026,Altamira Water LLC
,,"Civil,",08-14-2020,06-30-2026,CEI ENGINEERING ASSOCIATES INC
,,"Civil,",01-11-2022,12-31-2026,Kiewit Infrastructure Engineers
,,"Civil,",06-23-2025,03-31-2026,WRA
,,"Civil,",08-22-2024,06-30-2026,Capital Railroad Services
,,"Civil,",06-06-2012,07-31-2027,Electrical Consultants Inc
,,"Civil,",04-24-2013,03-31-2025,"Renaissance Geotechnical Engineering, PLLC"
,,"Civil,",10-15-2021,09-30-2026,Hill International Inc.
,,"Civil,",12-04-2024,09-30-2026,ARCO/Murray Design Build
,,"Civil,",12-02-2021,09-30-2026,Wood PLC
,,"Civil,",10-16-2024,09-30-2026,"Pape-Dawson Consulting Engineers, LLC"
,,"Civil,",10-24-2022,09-30-2026,Pape-Dawson Engineers
,,"Civil,",06-02-2005,07-31-2027,"Dodson Civil Group, LLC"
,,"Civil,",12-12-2012,09-30-2026,Groundline Engineering
,,"Civil,",01-29-2021,12-31-2026,Kimley-Horn
,,"Civil,",09-15-2020,06-30-2026,"Amazon Web Services

Dolphin Engineering"
,,"Civil,",03-10-2015,12-31-2026,San Diego Gas & Electric
,,"Civil,",05-02-2018,07-31-2027,"DN, LLC"
,,"Civil,",08-03-2017,06-30-2026,"Bohannan Huston, Inc."
,,"Civil,",01-19-1994,12-31-2026,"Renaissance Contractors, Inc."
,,"Civil,",05-22-2013,07-31-2027,Ferrovial Construction US Corp.
,,"Civil,",01-26-2017,12-31-2026,"Claymoore Engineering, Inc."
,,"Civil,",04-12-2021,03-31-2026,"Gauge Engineering, LLC"
,,"Civil,",02-13-2024,12-31-2026,BURNS & MCDONNELL ENGINEERING CO INC
,,"Civil,",04-23-2025,03-31-2026,City of Plano
,,"Civil,",04-13-2021,03-31-2026,"Donan Engineering, LLC"
,,"Civil,",01-02-2020,12-31-2026,Fenstermaker
,,"Civil,",01-08-1981,12-31-2026,Ninyo & Moore
,,"Civil,",11-04-2025,09-30-2026,Kennedy Jenks
,,"Civil,",12-08-2016,09-30-2026,
,,"Civil,",12-20-2007,09-30-2026,"SSFM International, INC."
,,"Civil,",12-28-2022,09-30-2026,"Doucet & Associates, Inc."
,,"Civil,",07-07-2010,06-30-2026,
,,"Civil,",12-08-2016,09-30-2026,DUDLEY
,,"Civil,",03-16-2020,12-31-2026,Pond & Company
,,"Civil,",06-27-2019,03-31-2026,"Freese and Nichols, Inc."
,,"Civil,",04-02-2024,03-31-2026,"Vogt Engineering, LP"
,,"Civil,",03-23-2017,12-31-2026,"Bentley Systems, Inc."
,,"Civil,",01-03-2023,12-31-2026,Burgess & Niple Inc
,,"Civil,",06-02-2005,03-31-2026,TEXAS DEPARTMENT OF TRANSPORTATION
,,"Civil, 
Structural, 
Structural - 16 hour exam",09-08-2020,06-30-2026,
,,"Civil,",12-11-2015,09-30-2026,Terracon Consultants
,,"Civil,",06-04-2019,07-31-2027,Kiewit Engineering Group Inc.
,,"Civil,",08-21-2023,06-30-2026,
,,"Civil,",09-06-2018,06-30-2026,GFT
,,"Civil,",10-01-1987,09-30-2026,
,,"Civil,",05-16-2023,07-31-2027,
,,"Civil,",12-14-2011,09-30-2026,Arcadis
,,"Civil,",05-19-2016,07-31-2027,"BSEE, US Dept. of the Interior"
,,"Civil,",12-19-2008,09-30-2026,"AquaTerra Civil Engineering, P.C."
,,"Civil,",05-22-2014,03-31-2026,Halff Associates
,,"Civil,",06-02-2017,03-31-2026,Lyfe Residential
,,"Civil,",10-10-2019,09-30-2026,"LPA Design Group, Inc."
,,"Civil,",03-13-2019,12-31-2026,GFT
,,"Civil,",06-10-2008,03-31-2026,KCI Technologies Inc
,,"Civil,",06-03-2025,07-31-2027,
,,"Civil,",08-04-2014,06-30-2026,"Geosyntec Consultants

RA Engineering"
,,"Civil,",03-18-2025,12-31-2026,"Langan Engineering and Environmental Services, LLC"
,,"Civil,",11-01-2021,09-30-2026,Texas Department of Transportation
,,"Civil,",09-22-2014,06-30-2026,Strand Systems Engineering Inc
,,"Civil,",07-12-2002,06-30-2026,San Antonio Water System
,,"Civil,",12-20-2007,09-30-2026,"Pape-Dawson Engineers, Inc."
,,"Civil,",12-29-2010,09-30-2026,"LJA Engineering, Inc."
,,"Civil,",12-04-2018,09-30-2026,"Pape-Dawson Consulting Engineers, LLC"
,,"Civil,",07-20-2001,06-30-2026,Parkhill Smith & Cooper Inc
,,"Civil,",06-22-2009,03-31-2026,
,,"Civil,",12-30-2019,09-30-2026,WSP USA
,,"Civil,",01-11-2019,12-31-2026,Paramount Structural Solutions Inc.
,,"Civil,",09-22-2025,06-30-2026,"Webber, LLC"
,,"Civil,",07-21-2021,06-30-2026,AES Professional Services LLC
,,"Civil,",10-30-2024,09-30-2026,GFT Infrastructure Inc.
,,"Civil,",12-14-2011,09-30-2026,
,,"Civil,",07-29-2015,06-30-2026,"Garver, LLC"
,,"Civil,",02-16-2001,12-31-2026,"Crescent Construction & Design, LLC"
,,"Civil,",05-19-2016,03-31-2026,Fittz and Shipman
,,"Civil,",07-19-1978,06-30-2025,
,,"Civil,",05-15-2020,07-31-2027,"PSE Consulting Engineers, Inc"
,,"Civil,",04-07-2020,03-31-2026,"Olivetree Consulting PLLC

Ragle Inc"
,,"Civil,",06-13-2003,07-31-2027,STV Incorporated
,,"Civil,",02-23-2016,12-31-2026,Colliers Engineering & Design
,,"Civil,",07-17-2023,06-30-2026,Garver LLC
,,"Civil,",06-14-2017,07-31-2027,Lanier and Associates
,,"Civil,",08-25-2009,06-30-2026,"UES Professional Solutions 25, LLC"
,,"Civil,",03-20-2017,12-31-2026,Kiewit
,,"Civil,",02-04-2000,12-31-2026,"Trimble, Inc."
,,"Civil,",10-05-2017,09-30-2026,United Design Consulting Engineers
,,"Civil,",03-01-2022,12-31-2026,City of Fort Worth
,,"Civil,",08-19-2021,06-30-2026,MILLENNIUM ENGINEERS GROUP INC
,,"Civil,",05-19-2016,03-31-2026,"BGE, Inc."
,,"Civil,",06-29-2023,03-31-2026,HNTB CORPORATION
,,"Civil,",11-04-2020,09-30-2026,KIMLEY-HORN & ASSOCIATES INC
,,"Civil,",03-06-2020,12-31-2026,"WithersRavenel, Inc."
,,"Civil,",01-26-2017,12-31-2026,Kimley-Horn
,,"Civil,",05-09-2022,07-31-2027,City of Fort Worth
,,"Civil,",04-13-2017,03-31-2026,"Tetra Tech, Inc."
,,"Civil,",01-03-2025,12-31-2026,Texas Department of Transportation
,,"Civil,",01-13-2011,12-31-2026,"Geocomp Consulting, Inc."
,,"Civil,",06-05-2023,03-31-2026,"City of San Diego, Environmental Service Department"
,,"Civil,",06-17-2025,07-31-2027,Kimley-Horn
,,"Civil,",02-23-2021,12-31-2026,City of Fort Worth
,,"Civil,",07-13-2021,06-30-2026,South Texas Restoration Inc.
,,"Civil,",04-14-1971,07-31-2027,Escobar Consulting Engineer
,,"Civil,",03-05-2020,12-31-2026,Seattle Department of Transportation
,,"Civil,",01-10-2023,12-31-2026,WorleyParsons Group Inc.
,,"Civil,",05-22-2013,07-31-2027,"Bentley Sysytems, Incorporated"
,,"Civil,",12-18-1985,09-30-2026,Southwestern Testing Laboratories LLC
,,"Civil,",04-06-2018,03-31-2026,"DN Tanks, Inc."
,,"Civil,",04-02-2018,07-31-2027,BNSF Railway
,,"Civil,",02-06-2019,12-31-2026,"R. G. Miller Engineers, Inc."
,,"Civil,",12-20-2007,09-30-2026,TXDOT
,,"Civil,",12-19-2008,09-30-2026,"PanTeXas Deterrence, LLC."
,,"Civil,",01-09-2018,12-31-2026,HNTB CORPORATION
,,"Civil,",10-09-2023,09-30-2026,"Kimley-Horn and Associates, Inc."
,,"Civil,",09-27-2014,06-30-2026,Jacobs Engineering
,,"Civil,",12-15-2004,09-30-2026,AtkinsRéalis
,,"Civil,",03-13-2023,12-31-2026,"Plummer Associates, Inc."
,,"Civil,",12-28-2005,09-30-2026,Strand AE
,,"Civil,",08-03-2017,06-30-2026,"Bohannan Huston, Inc."
,,"Civil,",01-09-2003,12-31-2026,"Atwell, LLC"
,,"Civil,",12-30-2024,09-30-2025,
,,"Civil,",05-25-2011,07-31-2027,Green Brick Partners
,,"Civil,",05-12-2023,03-31-2026,3 Rocks Engineering
,,"Civil,",08-20-2025,06-30-2026,
,,"Civil,",04-26-2023,07-31-2027,AECOM
,,"Civil,",04-17-2014,03-31-2024,"FCG Consultants, Inc."
,,"Civil,",04-23-2025,07-31-2027,"Pape-Dawson Consulting Engineers, LLC"
,,"Civil,",09-09-2025,06-30-2026,
,,"Civil,",02-02-2017,12-31-2026,"SEG, LLC"
,,"Civil,",06-17-2024,07-31-2027,"CITY OF RICHMOND, VA"
,,"Civil,",04-24-2012,03-31-2025,"Crown Castle, Inc."
,,"Civil,",01-13-2022,12-31-2026,"Nextera Energy Transmission, LLC"
,,"Civil,",04-20-1989,03-31-2026,CITY OF GRAND PRAIRIE
,,"Civil,",04-05-2022,07-31-2027,Rigid Global Buildings
,,"Civil,",06-13-2003,03-31-2026,Celanese
,,"Civil, 
Structural,",05-22-2013,07-31-2027,CPScomtech
,,"Civil,",02-09-2018,12-31-2024,KS Engineers PC
,,"Civil,",11-18-2011,09-30-2026,
,,"Civil,",05-19-2016,03-31-2026,AECOM
,,"Civil,",09-20-2022,06-30-2026,Ostro Steel Structures LLC
,,"Civil,",12-15-2004,09-30-2026,"InPro Engineers, Inc."
,,"Civil,",09-26-2024,06-30-2026,dccm
,,"Civil,",07-31-2018,06-30-2026,"Lanier & Associates Consulting Engineers, Inc."
,,"Civil,",07-31-2020,06-30-2026,Jacobs
,,"Civil,",02-08-2021,12-31-2026,Branat Construction
,,"Civil,",04-04-2017,03-31-2026,SCM Operations LLC
,,"Civil,",02-19-2020,12-31-2026,Texas Department of Transportation
,,"Civil,",11-05-1985,09-30-2024,TechnipFMC
,,"Civil,",12-12-2025,09-30-2026,"Wiss, Janney, Elstner Associates"
,,"Civil,",10-21-2013,09-30-2026,"AquaTerra Design, LLC

Anne Felton, P.E."
,,"Civil,",03-05-1997,12-31-2026,CITY OF SAN ANTONIO
,,"Civil,",07-28-2016,06-30-2026,
,,"Civil,",06-08-2010,03-31-2026,"Venice Engineering, LLC"
,,"Civil,",12-12-2019,09-30-2026,"Tunnel Geotechnical and Railway, Corp.

TEAM INGENIERIA Y CONSULTORIA, S.L."
,,"Civil,",09-27-2024,06-30-2026,"Lockwood, Andrews & Newnam, Inc."
,,"Civil,",11-12-2020,09-30-2026,HDR
,,"Civil,",12-29-2010,09-30-2026,"Faraday, LLC."
,,"Civil,",06-27-2003,03-31-2026,"VP Racing Fuels, Inc."
,,"Civil,",09-25-2025,06-30-2026,KIMLEY-HORN & ASSOCIATES INC
,,"Civil,",08-08-2017,06-30-2026,CEC Corporation
,,"Civil,",05-12-2023,07-31-2027,"RS&H, Inc."
,,"Civil,",03-28-2013,12-31-2026,"JACOBS ENGINEERING GROUP INC

CH2M Hill"
,,"Civil,",06-10-1986,03-31-2026,BEST DRILLING SERVICES INC
,,"Civil,",12-04-2017,09-30-2026,"H. W. Lochner, Inc."
,,"Civil,",06-12-1989,03-31-2026,Retired
,,"Civil,",12-28-2005,09-30-2026,"H W Lochner, Inc."
,,"Civil,",04-25-2022,03-31-2024,
,,"Civil,",01-31-2011,12-31-2026,"FMG, Inc."
,,"Civil,",05-29-2012,07-31-2027,"STV Incorporated

Andrew S. Fisher, P.E."
,,"Civil,",01-15-2025,12-31-2025,
,,"Civil,",11-13-2009,09-30-2026,"Driven Engineering, Inc."
,,"Civil,",07-22-2022,06-30-2026,"US Army Corps of Engineers, Vicksburg District"
,,"Civil,",05-02-2018,07-31-2027,"Kimley-Horn and Associates, Inc."
,,"Civil,",06-02-2004,03-31-2026,"AECOM Technical Services, Inc."
,,"Civil,",08-07-2025,06-30-2026,Victoria County
,,"Civil,",06-08-2010,07-31-2027,Texas Department of Transportation
,,"Civil,",12-11-2024,09-30-2026,NorthStar Energy Services Inc.
,,"Civil,",08-19-2020,06-30-2026,"Live Oak Traffic, PLLC"
,,"Civil,",08-22-2023,06-30-2026,Texas Department of Transportation
,,"Civil,",12-10-2003,09-30-2026,"Consor North America, Inc."
,,"Civil,",07-28-2023,06-30-2026,Milian Consulting
,,"Civil,",02-15-1985,12-31-2026,GFT
,,"Civil,",06-07-2024,07-31-2027,Asplundh Engineering Services
,,"Mechanical, 
Civil, 
Electrical/Computer",12-18-1985,09-30-2026,"BSC Forensic Services, LLC"
,,"Civil,",12-19-2008,09-30-2026,
,,"Civil,",01-12-2026,12-31-2026,Texas Department of Transportation
,,"Civil,",12-13-2019,09-30-2026,Coastal Technology Corporation
,,"Civil,",12-10-2025,09-30-2026,
,,"Civil,",12-27-2006,09-30-2026,"DCCM North America, LLC"
,,"Civil,",03-04-2020,12-31-2026,HDR ENGINEERING INC
,,"Civil,",10-18-2019,09-30-2026,AtkinsRealis
,,"Civil,",01-07-2026,12-31-2026,CEA Group
,,"Civil,",09-10-1993,06-30-2026,"LJA Surveying, Inc

LJA Engineering, Inc."
,,"Civil,",04-06-2021,03-31-2026,Texas Department of Transportation
,,"Civil,",06-04-1980,03-31-2026,ALONZO E FRANCO JR
,,"Civil,",11-20-2023,09-30-2026,Groundworks
,,"Civil,",01-15-2020,12-31-2026,"Preload, LLC"
,,"Civil,",12-04-2013,09-30-2026,"Freese and Nichols, Inc."
,,"Civil,",12-23-1999,09-30-2026,A L Franks Engineering Inc
,,"Civil,",04-29-1964,03-31-2025,"Balusek-Frankson (dba)

A C Frankson"
,,"Civil,",06-07-2021,03-31-2026,Burgess & Niple
,,"Civil,",07-20-2001,06-30-2025,
,,"Civil,",06-04-2021,03-31-2026,Merton Riser
,,"Civil,",04-19-2021,03-31-2026,AUSTIN WATER UTILITY CITY OF AUSTIN
,,"Civil,",12-15-2004,09-30-2026,Accident Reconstruction & Analysis Crash Consultants
,,"Civil,",07-09-2010,06-30-2024,
,,"Civil,",12-29-2010,09-30-2026,Bain & Co
,,"Civil,",12-14-2011,09-30-2026,"BGE, Inc."
,,"Civil,",09-05-2008,06-30-2026,WSP USA Inc.
,,"Civil,",07-10-2025,06-30-2026,
,,"Civil,",03-04-2019,12-31-2026,City of Austin Watershed Protection Department
,,"Civil,",06-10-2008,03-31-2026,Kennedy Jenks
,,"Civil,",06-12-2025,03-31-2026,
,,"Civil,",02-21-2012,12-31-2026,
,,"Civil,",11-13-2025,09-30-2026,GEORGE BUTLER ASSOCIATES INC
,,"Civil,",05-14-2013,03-31-2026,"Forefront Emergency Management, LP

Specialized Engineering, L.L.C."
,,"Civil,",01-16-2024,12-31-2026,
,,"Civil,",12-10-2003,09-30-2026,"Kimley-Horn & Associates, Inc."
,,"Civil,",12-29-2010,09-30-2026,EL PASO WATER UTILITIES
,,"Civil, 
Structural,",06-05-2018,03-31-2026,Lower Colorado River Authority
,,"Civil,",01-11-2021,12-31-2026,Brown and Caldwell
,,"Civil,",08-06-2024,06-30-2026,"Renaissance Infrastructure Consulting, Inc."
,,"Civil,",06-01-2021,03-31-2026,Engineering Design Technologies
,,"Civil,",06-19-2006,03-31-2026,US Forest Service
,,"Civil,",12-08-2016,09-30-2026,"Weston Solutions, Inc."
,,"Civil,",10-31-2016,09-30-2026,TEXAS DEPARTMENT OF TRANSPORTATION
,,"Civil,",12-11-2015,09-30-2026,TxDOT
,,"Civil,",12-18-2009,09-30-2026,Dallas Area Rapid Transit
,,"Civil,",08-18-2025,06-30-2026,
,,"Civil,",02-07-2025,12-31-2026,"AECOM Technical Services, Inc."
,,"Civil,",11-03-2025,09-30-2026,Griha Designs & Engineering
,,"Civil,",09-05-2019,06-30-2026,Orsted North America Inc
,,"Civil,",06-22-2009,07-31-2027,"Volkert, Inc."
,,"Civil,",12-15-2004,09-30-2026,Adam S. Gallant
,,"Civil,",10-18-2023,09-30-2026,LJA Engineering Inc.
,,"Civil,",05-21-2014,03-31-2026,Texas Department of Transportation
,,"Civil,",05-19-2016,03-31-2026,"Huitt-Zollars, Inc."
,,"Civil,",12-09-2024,09-30-2026,"Ardurra Group, Inc"
,,"Civil,",12-06-2018,09-30-2026,GreenWorks Service Company
,,"Civil,",10-13-2025,09-30-2026,"American Structurepoint, Inc."
,,"Civil,",02-10-2022,12-31-2026,"NGI, Inc."
,,"Civil,",01-18-2002,12-31-2026,"Alliance Transportation Group, LLC

DCCM North America, LLC"
,,"Civil,",06-16-2025,07-31-2027,HNTB
,,"Civil,",12-14-2011,09-30-2026,Fluor Canada Ltd
,,"Civil,",09-24-2014,06-30-2026,"Alan Plummer and Associates, Inc."
,,"Civil,",06-20-2022,07-31-2027,CITY OF SAN MARCOS
,,"Civil,",09-14-2012,06-30-2026,CEA Engineering Group Inc
,,"Civil,",12-16-2014,09-30-2026,"Hi-Plains Civil Engineers, Ltd."
,,"Civil,",02-04-1982,12-31-2026,Albert Garcia III and Associates
,,"Civil,",10-06-2022,09-30-2026,KIMLEY-HORN & ASSOCIATES INC
,,"Civil,",05-01-2024,03-31-2026,"Tech Transfer, Inc."
,,"Civil,",12-29-2010,09-30-2026,"Aguirre & Fields, LP"
,,"Civil,",07-24-2024,06-30-2026,"Johnson, Mirmiran & Thompson, Inc."
,,"Civil,",06-11-2024,03-31-2026,Ultimate Concrete
,,"Civil,",08-12-1994,06-30-2026,
,,"Civil,",11-17-2025,09-30-2026,
,,"Civil,",10-28-2022,09-30-2026,"McKinley Engineering

Anderson Bryce Garcia, PE"
,,"Civil,",07-31-2023,06-30-2026,"Poznecki-Camarillo, LLC"
,,"Civil,",04-11-2019,03-31-2026,CITY OF FRISCO
,,"Civil,",03-13-2023,12-31-2026,Texas Department of Transportation
,,"Civil,",07-21-2000,06-30-2026,"Skyridge Construction, LLC

Garcia Engineering Inc"
,,"Civil,",03-01-1991,12-31-2026,PENA ENGINEERING
,,"Civil,",03-24-2022,12-31-2026,Dally + Associates
,,"Civil,",12-02-2021,09-30-2026,"Applied Research Associates, Inc."
,,"Civil,",05-13-2019,07-31-2027,Ferrovial Construction US Corp
,,"Civil,",07-30-2021,06-30-2026,Tennessee State University
,,"Civil,",09-04-2018,06-30-2026,
,,"Structural, 
Civil,",06-19-2006,07-31-2027,"URENCO USA

Infrastructure Consultants, Inc."
,,"Civil,",09-11-1972,06-30-2026,Al Fire Protection Inc (dba)
,,"Civil,",09-26-2024,06-30-2026,AMA CONSULTING GROUP
,,"Civil,",12-11-2015,09-30-2026,"AECOM Technical Services, Inc."
,,"Civil,",02-04-2000,12-31-2026,Arredondo Zepeda & Brunz LLC
,,"Civil,",06-08-2010,03-31-2026,Texas Department of Transportation
,,"Civil,",06-08-2010,07-31-2027,"Texas Department of Transportation

Andres Engineering dba A G Engineering"
,,"Civil,",04-03-2018,03-31-2026,R G MILLER ENGINEERS INC
,,"Civil,",06-02-2004,07-31-2027,Texas Department of Transportation
,,"Civil,",09-30-2020,06-30-2026,RODRIGUEZ TRANSPORTATION GROUP INC
,,"Civil,",06-22-2009,07-31-2027,"LJA Engineering, Inc."
,,"Civil,",03-19-2024,12-31-2026,STV Incorporated
,,"Civil,",01-09-2003,12-31-2026,"T.EN STONE & WEBSTER PROCESS TECHNOLOGY, INC.

Technip Energies USA, Inc."
,,"Civil,",05-25-2017,07-31-2027,"Subsea7

Infinity Subsea Solutions LLC"
,,"Civil,",12-14-2011,09-30-2026,HNTB CORPORATION
,,"Civil,",09-26-2024,06-30-2026,"Coffman Engineers, Inc."
,,"Civil,",09-25-2009,06-30-2026,Structural and Building Design of Texarkana PLLC
,,"Civil,",10-16-2019,09-30-2026,"Huitt-Zollars, Inc."
,,"Civil,",06-04-2021,03-31-2026,"Harris County Flood Control District

University of Oklahoma"
,,"Civil,",07-23-1999,06-30-2026,EnTech
,,"Civil,",05-25-2011,03-31-2026,Texas Department of Transportation
,,"Civil,",08-11-2023,06-30-2026,Skanska USA Civil
,,"Civil,",12-16-2014,09-30-2026,"Westwood Professional Services, Inc"
,,"Civil,",02-14-2022,12-31-2026,JMT
,,"Civil,",10-23-2017,09-30-2026,"GM2 Associates, Inc"
,,"Civil,",03-07-2023,12-31-2026,DRHorton
,,"Civil,",04-22-1993,03-31-2026,DMG ASSOCIATES INC
,,"Civil,",07-29-2014,06-30-2026,Michael Baker International
,,"Civil,",10-22-2013,09-30-2026,ADOT
,,"Civil,",07-08-2021,06-30-2026,TXDOT
,,"Civil,",09-20-2022,06-30-2026,"JMT, Inc."
,,"Civil,",01-24-2025,12-31-2026,"Infrastructure Consulting & Engineering, PLLC"
,,"Civil,",05-27-2025,07-31-2027,
,,"Civil,",10-21-2010,09-30-2026,Corona Environmental Consulting
,,"Civil,",05-02-2012,07-31-2027,The Goodman Corporation
,,"Civil,",11-08-2002,09-30-2026,BECHTEL INDIA PVT LTD
,,"Civil,",04-25-2011,03-31-2026,"Wade Trim Associates, Inc."
,,"Civil,",05-29-2012,03-31-2026,Brushy Creek Municipal Utility District
,,"Civil,",10-09-2023,09-30-2026,HNTB CORPORATION
,,"Civil,",01-18-2002,12-31-2026,CITY OF COLLEGE STATION
,,"Civil,",01-23-2020,12-31-2026,LOCKWOOD ANDREWS & NEWNAM INC
,,"Civil,",09-26-2011,06-30-2026,"Kimley-Horn and Associates, Inc."
,,"Civil,",10-17-2023,09-30-2026,"Halff Associates, Inc."
,,"Civil,",08-28-2012,06-30-2026,"Horner & Shifrin, Inc."
,,"Civil,",12-10-2008,09-30-2025,"Giles Engineering Associates, Inc."
,,"Civil,",03-04-2019,12-31-2026,THE TRANSTEC GROUP INC
,,"Civil,",10-07-2022,09-30-2026,"Elrod Engineering, LLC"
,,"Civil,",10-11-2019,09-30-2026,"Carollo Engineers, Inc."
,,"Civil,",11-27-2012,09-30-2026,TRI Environmental
,,"Civil,",01-23-2012,12-31-2026,"GEINC, LLC"
,,"Civil,",06-13-2003,03-31-2026,Upper Brushy Creek WCID
,,"Civil,",12-17-2014,09-30-2026,Occidental Petroleum Corporation
,,"Civil, 
Structural,",04-03-2012,07-31-2027,Kiewit Engineering
,,"Civil,",11-30-2021,09-30-2026,TEXAS DEPARTMENT OF TRANSPORTATION
,,"Civil,",12-20-2024,09-30-2026,
,,"Civil,",07-26-2018,06-30-2026,City of Celina
,,"Civil,",02-14-2013,12-31-2025,International Boundary & Water Commision
,,"Civil,",12-20-2007,09-30-2026,Catalyst Brands/JCPenney
,,"Civil,",01-29-1987,12-31-2026,
,,"Civil,",02-15-2012,12-31-2026,"S&ME, Inc."
,,"Civil,",07-10-2014,06-30-2026,GBCI
,,"Civil,",07-12-2002,06-30-2026,GOMEZ-GARCIA & ASSOCIATES INC
,,"Civil,",12-06-2018,09-30-2026,"Mason Construction, LLC"
,,"Civil, 
Structural,",05-13-2024,07-31-2027,Strand Systems Engineering Inc
,,"Civil,",02-22-2024,12-31-2026,TRIANGLE ENGINEERING LLC
,,"Civil,",05-19-2016,03-31-2026,"BP America, Inc."
,,"Civil,",12-27-2006,09-30-2026,"Volkert, Inc."
,,"Civil,",12-14-2011,09-30-2026,Kennedy/ Jenks Consultants
,,"Civil,",09-23-2024,06-30-2026,NV5
,,"Civil,",06-12-2025,07-31-2027,"Howland Engineering and Surveying Co., Inc."
,,"Civil,",03-04-2019,12-31-2026,Harris County Engineering Department
,,"Civil,",07-28-2017,06-30-2026,Texas Department of Transportation
,,"Civil,",02-14-1992,12-31-2026,
,,"Civil,",06-02-2004,07-31-2027,"Marcia Appia Civil Infrastructure Consultant Engineers, LLC"
,,"Civil,",06-22-2022,07-31-2027,"Elevation Land Solutions, LLC"
,,"Civil,",06-08-2010,03-31-2026,Gallegos Paving
,,"Civil,",04-25-2023,03-31-2024,
,,"Civil,",12-28-2005,09-30-2026,"AG3 GROUP, LLC"
,,"Civil,",05-31-2019,03-31-2026,City of Klamath Falls
,,"Civil,",06-15-2007,07-31-2027,"A GOODE, LLC"
,,"Civil,",06-19-2006,03-31-2026,"Goode Faith Engineering, LLC"
,,"Civil,",06-09-2000,07-31-2027,"Self

Unemployed"
,,"Civil, 
Structural,",04-20-2021,07-31-2027,KIMLEY-HORN & ASSOCIATES INC
,,"Civil,",10-24-2023,09-30-2026,Kisinger Campo & Associates Corp
,,"Civil,",04-04-2023,07-31-2027,AtkinsRealis
,,"Civil,",09-29-2020,06-30-2026,"UES Professional Solutions 63, LLC

UES Professional Solutions 44, LLC"
,,"Civil,",02-16-2017,12-31-2026,"Urban Engineers, Inc. (dba) Urban Services, Inc."
,,"Civil,",02-03-2022,12-31-2026,"AECOM Technical Services, Inc."
,,"Civil,",05-29-2012,03-31-2026,GeoEngineers Inc
,,"Civil, 
Structural,",03-05-2021,12-31-2026,"Martinez Moore Engineers, LLC"
,,"Civil,",12-28-2005,09-30-2026,"Percheron Professional Services, LLC"
,,"Civil,",10-23-2020,09-30-2026,KIMLEY-HORN & ASSOCIATES INC
,,"Civil,",04-10-2018,03-31-2026,"Kimley-Horn and Associates, Inc."
,,"Civil,",09-05-2024,06-30-2026,CITY OF MANSFIELD
,,"Civil,",12-11-2015,09-30-2026,"Westwood Professional Services, Inc"
,,"Civil,",02-21-2020,12-31-2026,PAPE DAWSON ENGINEERS INC
,,"Civil,",12-04-2017,09-30-2026,Saipem America
,,"Civil, 
Structural,",04-11-2014,07-31-2027,Crosstown Land Development Services
,,"Civil,",07-19-1985,06-30-2026,
,,"Civil,",10-04-2018,09-30-2026,GreenLean Consulting
,,"Civil,",04-20-1989,07-31-2027,FREESE & NICHOLS INC
,,"Civil,",09-03-2025,06-30-2026,"Pape-Dawson Consulting Engineers, Inc."
,,"Civil,",04-01-2022,03-31-2026,TranSystems Corporation
,,"Civil,",01-29-2021,12-31-2026,TY Lin International Canada Inc
,,"Civil,",08-04-2021,06-30-2026,Lamb-Star Engineering LLC
,,"Civil,",07-19-1978,06-30-2026,"A. H. Griffith, PE, LLC"
,,"Civil,",10-23-2024,09-30-2026,"DJ&A, P.C."
,,"Civil,",06-02-2005,03-31-2026,STV Infrastructure
,,"Civil,",07-13-2021,06-30-2026,"Topographic, Co."
,,"Civil,",04-23-2025,07-31-2027,Dekker/Perich/Sabatini Ltd
,,"Civil,",10-14-2024,09-30-2026,"Hillpointe, LLC"
,,"Civil,",04-11-2019,07-31-2027,"AAG Consulting Services, LLC"
,,"Civil,",10-24-2022,09-30-2026,"Pape-Dawson Consulting Engineers, Inc."
,,"Civil,",09-08-2009,06-30-2026,AECOM
,,"Civil,",09-27-2018,06-30-2026,Halff
,,"Civil,",02-04-2000,12-31-2026,Guerra Engineering & Surveying Co
,,"Civil,",08-26-2021,06-30-2026,US ARMY CORPS OF ENGINEERS
,,"Civil,",06-02-2025,03-31-2026,
,,"Civil,",12-18-2009,09-30-2026,Premier Civil Engineering
,,"Civil,",07-30-2024,06-30-2026,"Halff Associates, Inc."
,,"Civil,",12-27-2006,09-30-2026,TEXAS DEPARTMENT OF TRANSPORTATION
,,"Civil,",07-01-2022,06-30-2026,Hardesty and Hanover
,,"Civil,",02-28-2020,12-31-2026,WSP USA Inc.
,,"Civil,",09-02-2022,06-30-2026,ATKINSREALIS USA INC.
,,"Civil,",08-20-2021,06-30-2026,Atkins Realis
,,"Civil,",07-21-2000,06-30-2026,"ANR Consulting Group, Inc."
,,"Civil,",04-14-2021,07-31-2027,SEK Engineering
,,"Civil,",12-12-2022,09-30-2026,Austin Transit Partnership
,,"Civil,",12-16-2024,09-30-2026,Barron Stark Engineers
,,"Civil,",08-30-2019,06-30-2026,
,,"Civil,",04-14-1971,03-31-2025,
,,"Civil,",12-12-2012,09-30-2026,TXDOT
,,"Civil,",10-10-2019,09-30-2026,"Johnson Volk Consulting, Inc."
,,"Civil,",02-24-2022,12-31-2026,"Duit Construction Co., Inc."
,,"Civil,",02-02-2024,12-31-2026,KIMLEY-HORN & ASSOCIATES INC
,,"Civil,",12-19-2002,09-30-2026,
,,"Civil,",09-08-2015,06-30-2026,"Simpson Gumpertz & Heger, Inc."
,,"Civil,",05-18-2020,07-31-2027,AMERICAN ELECTRIC POWER SERVICE CORPORATION
,,"Civil,",05-30-2015,07-31-2027,Patterson & Dewar Engineers
,,"Civil,",12-08-2016,09-30-2026,Texas Department of Transportation
,,"Civil,",07-23-1999,06-30-2026,Ash Engineering
,,"Civil,",05-19-2016,03-31-2026,Ulteig Engineers Inc
,,"Civil,",11-11-2025,09-30-2026,FARNSWORTH GROUP
,,"Civil,",12-04-2017,09-30-2026,"Freese and Nichols, Inc."
,,"Civil,",10-03-2018,09-30-2026,"SBA Network Services, LLC"
,,"Civil,",05-09-2022,07-31-2027,CDM Smith
,,"Civil,",05-28-2021,03-31-2026,Allegro Civil Engineers PC
,,"Civil,",09-04-2024,06-30-2026,ATKINSREALIS USA INC.
,,"Civil,",04-19-2012,07-31-2027,"City of Asheville, North Carolina"
,,"Civil,",02-13-2024,12-31-2026,"Pape-Dawson Consulting Engineers, Inc."
,,"Civil,",03-09-2018,12-31-2026,"Martinez Moore Engineers, LLC"
,,"Civil,",05-22-2013,07-31-2027,"TARRANT REGIONAL WATER DISTRICT

self"
,,"Civil,",07-31-2009,06-30-2026,"Tower Engineering Professionals, Inc"
,,"Civil,",11-09-2016,09-30-2026,"Engineered by Design, PLLC"
,,"Civil,",09-01-2015,06-30-2026,Garver
,,"Civil,",06-10-2008,07-31-2027,
,,"Civil,",07-20-2017,06-30-2026,"Kimley-Horn and Associates, Inc."
,,"Civil,",09-29-2020,06-30-2026,"RailPros Field Services, Inc."
,,"Civil,",05-02-2013,07-31-2027,"WSP

WSP USA"
,,"Civil,",09-14-2004,06-30-2026,Quiddity Engineering
,,"Civil,",06-06-1983,03-31-2024,Federal Highway Administration
,,"Civil,",04-22-2022,03-31-2026,"Kimley-Horn and Associates, Inc."
,,"Civil,",03-31-2023,12-31-2026,
,,"Civil,",12-18-1998,09-30-2026,"AKH Consulting, LLC"
,,"Civil,",03-11-2024,12-31-2026,OM Consulting Engineers Group LLC
,,"Civil,",11-02-2023,09-30-2026,Freese and Nichols
,,"Civil,",09-24-2020,06-30-2026,ISAT Total Support
,,"Civil,",12-16-2014,09-30-2026,City of Austin
,,"Civil,",10-12-2021,09-30-2026,"ACMM, LLC"
,,"Civil,",05-05-2005,07-31-2027,Harris County Flood Control District
,,"Civil,",12-20-2007,09-30-2026,Jacobs Engineering Group Inc.
,,"Civil,",10-11-2023,09-30-2026,WALTER P MOORE & ASSOCIATES INC
,,"Civil,",12-29-2010,09-30-2026,City of Georgetown
,,"Civil,",03-26-2019,12-31-2026,Terracon
,,"Civil,",04-16-2024,07-31-2027,"Barge Design Solutions, Inc."
,,"Civil,",07-26-2019,06-30-2026,"Own, Inc."
,,"Civil,",06-02-2004,03-31-2026,Coastal Water Authority
,,"Civil,",07-18-1963,06-30-2026,RETIRED
,,"Civil,",05-02-2023,03-31-2026,STV Incorporated
,,"Civil,",06-04-2018,07-31-2027,Millcreek Engineering Company
,,"Civil,",12-08-1989,09-30-2026,Shelby County Clerk
,,"Civil,",01-06-1984,12-31-2026,
,,"Civil,",10-27-2016,09-30-2026,"RDQ, INC."
,,"Civil,",11-28-2014,09-30-2026,The Harris Solution
,,"Civil,",06-02-2005,03-31-2026,"VRX, Inc."
,,"Civil,",01-30-2024,12-31-2026,"ABRI CONSULTING, LLC"
,,"Civil,",12-11-2015,09-30-2026,"Spire Engineering Services, LLC"
,,"Civil,",02-28-2023,12-31-2026,"TEC Engineering, Inc."
,,"Civil,",02-16-1990,12-31-2026,City of Euless
,,"Civil,",03-28-2024,12-31-2026,JACOBS ENGINEERING GROUP INC
,,"Civil,",12-12-2024,09-30-2026,Burgess & Niple Inc
,,"Civil,",10-22-2021,09-30-2026,KIMLEY-HORN & ASSOCIATES INC
,,"Civil,",03-26-2025,12-31-2026,US Army Corps of Engineers
,,"Civil,",04-02-2025,07-31-2027,"Engineered Exteriors, LLC"
,,"Civil,",05-22-2024,07-31-2027,
,,"Civil,",12-29-2010,09-30-2026,Halff Associates
,,"Civil,",08-14-2012,06-30-2026,"Hatfield Technical Consulting

Hatfield Technical Consulting"
,,"Civil,",02-09-2001,12-31-2026,WSP USA Inc.
,,"Civil,",08-19-2020,06-30-2026,"Johnson, Mirmiran & Thompson, Inc."
,,"Civil,",04-05-2022,03-31-2025,"Hawk Pro Media, LLC"
,,"Civil,",08-23-2023,06-30-2026,"Jones & Carter, Inc."
,,"Civil, 
Structural,",02-28-2018,12-31-2026,Axiom Space
,,"Civil,",02-05-2014,12-31-2024,"Michael Baker International, Inc."
,,"Civil,",09-16-2020,06-30-2026,GeoStructural Engineering
,,"Civil,",05-29-2012,03-31-2026,North Central Texas Council of Governments
,,"Civil,",04-21-2022,03-31-2026,Garver
,,"Civil,",12-11-2015,09-30-2026,"Altar Group, PLLC"
,,"Civil,",05-08-2024,03-31-2026,McElhanney Ltd.
,,"Civil,",08-03-2021,06-30-2026,"Aldea Services, LLC"
,,"Civil,",05-19-2016,03-31-2026,AECOM
,,"Civil,",08-21-2023,06-30-2026,GEOPIER FOUNDATION COMPANY
,,"Civil,",12-18-2017,09-30-2025,"HDR, Inc."
,,"Structural, 
Civil,",09-21-2014,06-30-2026,"Steel Framing Design Solutions, LLC"
,,"Civil,",06-27-2018,07-31-2027,BlueScope Buildings North America
,,"Civil,",08-11-2022,06-30-2026,"GPD Group, Professional Corporation"
,,"Civil,",06-08-2010,07-31-2027,"ECS Southwest, LLP"
,,"Civil,",01-08-2026,12-31-2026,
,,"Civil,",05-20-2019,03-31-2026,"Ninyo & Moore, a Socotec Company"
,,"Civil,",09-04-2019,06-30-2026,"Basecamp AEC, LLC"
,,"Civil,",12-08-2016,09-30-2026,"Kimley-Horn and Associates, Inc."
,,"Civil,",07-22-2019,06-30-2026,Red Sea Global
,,"Civil,",10-10-2013,09-30-2026,"Florida Department of Health in Pinellas County,"
,,"Civil,",06-07-1991,03-31-2026,Freese and Nichols
,,"Civil,",12-12-2012,09-30-2026,"Quiddity Engineering, LLC"
,,"Civil,",03-16-2020,12-31-2026,Lennar Homes
,,"Civil,",02-17-2006,12-31-2026,SABRE COMMUNICATIONS CORPORATION
,,"Civil,",01-26-2026,12-31-2026,CALTRANS - CALIFORNIA DEPT OF TRANS
,,"Civil,",09-20-2022,06-30-2026,
,,"Civil,",04-06-2023,03-31-2026,Hernandez & Associates Engineering
,,"Civil,",08-21-2018,06-30-2026,TXDOT
,,"Civil,",02-24-2023,12-31-2026,"BGE, Inc."
,,"Civil,",11-15-1991,09-30-2026,AGH Engineering & Surveying LLC
,,"Civil,",07-08-2020,06-30-2026,HC PEC
,,"Civil,",03-05-2019,12-31-2026,AECOM
,,"Civil,",12-16-2014,09-30-2026,"NURAAMI, LLC

NURAAMI LLC"
,,"Civil,",10-08-2024,09-30-2026,"RS&H, Inc"
,,"Civil,",09-22-2009,06-30-2026,CEA Engineering Group Inc
,,"Civil,",02-10-2021,12-31-2026,"Schnabel Engineering, LLC"
,,"Civil,",02-24-2023,12-31-2026,Corsair Consulting LLC
,,"Civil,",03-12-2025,12-31-2026,C&M Associates Inc
,,"Civil,",06-15-2005,07-31-2027,"GFT Infrastructure, Inc."
,,"Civil,",02-23-2016,12-31-2026,"Texas A&M University - Kingsville

Windstorm And Structural Engineers LLC"
,,"Civil,",06-02-2004,07-31-2027,"Ardurra Group, Inc.

LNV, LLC"
,,"Civil,",09-25-2025,06-30-2026,"Plummer Associates, Inc."
,,"Civil,",05-09-2025,03-31-2026,TxDOT
,,"Civil,",05-13-2013,03-31-2026,"Maverick Civil & Survey, LLC

Hicks Civil Engineering Consutling, LLC"
,,"Civil,",11-02-2023,09-30-2026,BlueScope Buildings North America Inc
,,"Civil,",07-30-2019,06-30-2024,Manatee County Government
,,"Civil,",12-08-2016,09-30-2026,IEA Inc
,,"Civil,",11-03-2020,09-30-2026,"Anchor QEA, LLC"
,,"Civil,",12-14-2011,09-30-2026,TXDOT
,,"Civil,",03-11-2021,12-31-2026,"KSA Engineers, Inc.

Pape-Dawson Consulting Engineers, LLC"
,,"Civil,",07-10-2024,06-30-2026,Greater Cincinnati Water Works
,,"Civil,",06-02-2005,07-31-2027,"GGC Engineers, Inc

A Hinojosa Engineering"
,,"Civil,",01-23-2026,12-31-2026,Texas Department of Transportation
,,"Civil,",09-11-2020,06-30-2026,Colliers Engineering & Design
,,"Civil,",09-01-1982,06-30-2026,"RASS Engineering, LLC"
,,"Civil,",12-12-2012,09-30-2026,"Cobb, Fendley & Associates, Inc."
,,"Civil,",05-25-2017,03-31-2026,"Odyssey Engineering Group, LLC"
,,"Civil,",06-22-2009,07-31-2027,Verdantas LLC
,,"Civil,",12-11-2015,09-30-2026,"Plus Six Engineering, LLC"
,,"Civil,",08-15-2024,06-30-2026,Bartlett & West
,,"Civil,",05-21-2014,03-31-2026,"NAVFAC SE, US Navy"
,,"Civil,",07-29-2016,06-30-2026,TAIT & ASSOCIATES INC
,,"Civil, 
Environmental,",12-28-2005,09-30-2026,"AECOM Technical Services, Inc."
,,"Civil,",04-14-2025,03-31-2026,Bartlett & West Inc
,,"Civil,",12-28-2005,09-30-2026,Texas Department of Transportation
,,"Civil,",10-21-2022,09-30-2026,"Infratech Engineers & Innovators, LLC"
,,"Civil,",12-15-2004,09-30-2026,Parkhill
,,"Civil,",04-01-2004,03-31-2026,"Contech Engineered Solutions LLC

CONTINENTAL BRIDGE"
,,"Civil,",06-25-2025,03-31-2026,Dallas County Public Works
,,"Civil,",07-21-2000,06-30-2026,Allen D. Hoover
,,"Civil,",04-03-2013,03-31-2026,"Anchor QEA, LLC"
,,"Civil,",05-29-2012,03-31-2026,Pape-Dawson Engineers
,,"Civil,",12-08-2023,09-30-2026,Lackland Engineering
,,"Civil,",06-22-2009,03-31-2026,Freese & Nichols Inc
,,"Civil,",12-04-2013,09-30-2026,"American International Contractors, Inc."
,,"Civil,",07-22-2025,06-30-2026,HDR ENGINEERING INC
,,"Civil,",12-11-2015,09-30-2026,Lina T Ramey & Associates Inc
,,"Civil,",12-28-2016,09-30-2026,GFT Infrastructure
,,"Civil,",12-01-2023,09-30-2026,Black and Veatch
,,"Civil,",06-15-2023,03-31-2026,"AHTC, Inc."
,,"Civil,",03-04-2022,12-31-2026,DEPCOM Power Inc.
,,"Civil,",12-19-2025,09-30-2026,Concord Engineering Inc
,,"Civil,",05-10-1976,03-31-2026,
,,"Civil,",08-30-2021,06-30-2026,"Forensic Engineering Company, LLC"
,,"Civil,",12-18-1992,09-30-2026,"Alliance Transportation Group

DCCM Infrastructure, Inc."
,,"Civil,",07-20-2001,06-30-2026,"J.H. Strain & Sons, Inc."
,,"Civil,",02-28-1992,12-31-2026,Retired
,,"Civil,",07-12-2002,06-30-2026,San Antonio Water System
,,"Civil,",05-09-2017,03-31-2026,H2B Engineers
,,"Civil,",09-27-2023,06-30-2026,TEXAS DEPARTMENT OF TRANSPORTATION -DALLAS DISTRICT
,,"Civil,",12-20-2007,09-30-2026,"Raba Kistner, Inc."
,,"Civil,",09-30-2025,06-30-2026,"A&S Engineers, Inc."
,,"Civil,",12-15-2004,09-30-2026,"Cobb, Fendley & Associates, Inc."
,,"Civil,",01-20-2017,12-31-2026,Berkel and Company Contractors
,,"Civil,",04-27-2021,03-31-2026,FREESE AND NICHOLS INC
,,"Civil,",11-24-2009,09-30-2026,"Civil & Environmental Consultants, Inc."
,,"Civil,",08-05-2022,06-30-2026,BC Steel Buildings
,,"Civil, 
Structural,",07-12-2002,06-30-2026,Texas Department of Transportation
,,"Civil,",03-26-2025,12-31-2026,
,,"Civil,",10-22-2010,09-30-2026,Corsair Consulting LLC
,,"Civil,",12-19-2008,09-30-2026,"LJA Engineering, Inc."
,,"Civil,",09-12-2014,06-30-2026,"POWER Engineers, Inc."
,,"Civil,",07-12-2002,06-30-2026,FREESE & NICHOLS INC
,,"Civil,",06-28-2024,03-31-2026,"LJA Engineering, Inc."
,,"Civil,",09-13-2023,06-30-2026,KCI Technologies Inc
,,"Civil,",03-17-2017,12-31-2026,American International Contractors
,,"Civil,",11-07-2016,09-30-2026,Federal Aviation Administration
,,"Civil,",12-08-2010,09-30-2026,KBR Engineering Company LLC
,,"Civil,",12-15-2004,09-30-2026,"Halff Associates, Inc."
,,"Civil,",07-22-2021,06-30-2026,Entech Civil Engineers Inc
,,"Civil,",06-09-2021,07-31-2027,U.S. Navy; Naval Support Unit State Department
,,"Civil,",08-12-2025,06-30-2026,
,,"Civil,",03-23-2012,12-31-2026,"Volkert, Inc."
,,"Civil,",02-04-2000,12-31-2026,GARRETT - IHNEN
,,"Civil,",12-02-2024,09-30-2026,DFW International Airport
,,"Civil,",08-01-2015,06-30-2026,
,,"Civil,",05-24-2019,07-31-2027,Jacobs
,,"Civil,",12-11-2015,09-30-2026,"THOMPSON ENGINEERING, INC."
,,"Civil,",09-27-2004,06-30-2026,City of Garland
,,"Civil,",07-29-2024,06-30-2026,JS Held
,,"Civil,",08-28-1981,06-30-2025,"Consor Engineers, LLC"
,,"Civil,",01-31-2022,12-31-2026,
,,"Civil,",04-30-2015,03-31-2026,"NextEra Energy Resources

Statics Engineering Solutions, LLC."
,,"Civil,",12-04-2017,09-30-2026,Harris County Engineering
,,"Civil,",08-24-2017,06-30-2026,AICivilEngineering
,,"Civil, 
Environmental,",05-19-2016,03-31-2026,Austin Energy
,,"Civil,",11-20-2013,09-30-2026,CITY OF ORANGE
,,"Civil,",06-13-2019,03-31-2026,Garver
,,"Civil,",08-19-2021,06-30-2026,KIEWIT ENGINEERING GROUP INC.
,,"Civil,",02-25-2020,12-31-2026,"TTL, Inc."
,,"Civil,",04-14-1983,03-31-2026,"PHI Energy Systems, LLC

Jaecques Consulting, LLC"
,,"Civil,",03-03-2020,12-31-2025,LJA Engineering
,,"Civil,",04-08-2022,03-31-2026,McLaren Engineering Group
,,"Civil,",10-20-2021,09-30-2026,Garver LLC
,,"Civil,",12-08-2016,09-30-2026,Idaho Environmental Coalition
,,"Civil,",04-12-2004,07-31-2027,
,,"Civil,",05-07-2009,03-31-2026,"Berridge Manufacturing Company

Anthony Blair James"
,,"Civil,",12-17-2013,09-30-2026,CDM Smith
,,"Civil,",03-11-2021,12-31-2026,Niik Group
,,"Civil,",03-09-1984,12-31-2024,
,,"Civil,",01-29-1969,12-31-2026,UNITED STATES ARMY CORPS OF ENGINEERS
,,"Civil,",10-02-2014,09-30-2026,"U.P. Engineers & Architects, Inc."
,,"Civil,",12-29-2010,09-30-2026,Technip Energies
,,"Civil,",06-22-2009,07-31-2027,Tetra Land Services
,,"Civil,",05-19-2016,03-31-2026,Fluor
,,"Civil,",05-23-2014,07-31-2027,"BOE Consulting Services, LLC"
,,"Civil,",11-08-2022,09-30-2026,TRC ENVIRONMENTAL CORPORATION
,,"Civil,",08-13-2025,06-30-2026,"Earth Wall Products, LLC"
,,"Civil,",10-03-2024,09-30-2026,"AECOM Technical Services, Inc."
,,"Civil,",01-02-2020,12-31-2026,WSP USA
,,"Civil,",04-30-2020,03-31-2026,Freese and Nichols
,,"Civil,",04-01-2021,03-31-2026,Contech Engineered Solutions
,,"Civil,",12-04-1985,09-30-2026,SOUTHERN COMPANY
,,"Civil,",06-23-2021,03-31-2026,S&B USA Construction
,,"Civil,",11-12-2021,09-30-2026,BURNS & MCDONNELL ENGINEERING CO INC
,,"Civil,",05-19-2016,07-31-2027,"J. Cumby Construction, Inc."
,,"Civil,",07-13-2022,06-30-2026,Garver LLC
,,"Civil,",01-09-2025,12-31-2026,"AIG Technical Services, LLC"
,,"Civil,",12-19-2023,09-30-2026,CivTech Inc.
,,"Civil,",07-08-2025,06-30-2026,"RRC Power & Energy, LLC"
,,"Civil,",04-17-2013,07-31-2027,"The City of Dallas

Anshi Jin, P.E."
,,"Civil,",12-12-2012,09-30-2026,Kimley-Horn and Associates Inc.
,,"Civil,",05-29-2012,07-31-2027,Norfolk Southern Corporation
,,"Civil,",12-20-2023,09-30-2026,
,,"Civil,",07-12-1991,06-30-2026,EMTEC
,,"Civil,",08-28-2018,06-30-2026,"Freese and Nichols, Inc."
,,"Civil, 
Structural,",12-04-2013,09-30-2026,TxDOT
,,"Civil,",07-31-2017,06-30-2026,McKinstry
,,"Civil,",08-27-2019,06-30-2026,"A&S Engineers, Inc."
,,"Civil,",12-19-2008,09-30-2026,"HDR Engineering, Inc."
,,"Civil, 
Structural,",12-14-2017,09-30-2026,MiTek Inc.
,,"Civil, 
Structural,",04-21-2010,07-31-2027,Engineering Systems Inc.
,,"Civil,",05-29-2012,07-31-2027,CITY OF AUSTIN
,,"Civil,",12-09-2021,09-30-2026,KIMLEY-HORN & ASSOCIATES INC
,,"Civil,",03-25-2019,12-31-2026,"BGE, Inc."
,,"Civil,",10-30-1998,09-30-2026,GeoTree Solutions Loctite Henkel
,,"Civil,",04-11-2023,03-31-2026,"Abbie Jones Consulting, PSC"
,,"Civil,",02-14-2011,12-31-2026,"White Hawk Engineering & Design, LLC"
,,"Civil,",12-19-2008,09-30-2026,"ALJ - Lindsey, LLC"
,,"Civil,",02-21-2018,12-31-2026,City of Austin
,,"Civil,",05-11-2012,07-31-2027,Town of Stewartstown
,,"Civil,",11-30-2022,09-30-2026,"Apex Companies, LLC"
,,"Civil,",05-12-2021,03-31-2026,"BCC Engineering, LLC"
,,"Civil,",11-05-2024,09-30-2026,NTMWD
,,"Civil,",12-15-2014,09-30-2026,DIG Engineers
,,"Civil,",01-17-2023,12-31-2026,Parsons Transportation Group
,,"Civil,",12-02-2005,09-30-2026,HDR Engineering Inc.
,,"Civil,",05-13-2019,03-31-2026,
,,"Civil,",10-10-2024,09-30-2026,"Larsa, L.L.C."
,,"Civil,",02-26-2018,12-31-2026,Huval & Associates Inc
,,"Civil,",07-13-1989,06-30-2025,Jung Engineering
,,"Civil,",08-21-2018,06-30-2026,Bluescope Buildings North America
,,"Civil,",12-21-2023,09-30-2026,Nextracker Inc.
,,"Civil,",12-05-2017,09-30-2026,AECOM
,,"Civil,",08-29-2023,06-30-2026,Beyond Engineering and Testing
,,"Civil,",12-13-2019,09-30-2026,"AECOM Technical Services, Inc."
,,"Civil, 
Structural,",06-13-2003,07-31-2027,Globalpundits Inc
,,"Civil,",06-10-2008,03-31-2026,The City of Garland
,,"Civil,",04-20-2020,03-31-2026,CDM Smith
,,"Civil, 
Environmental,",05-29-2012,07-31-2027,Protiviti
,,"Civil,",12-11-2015,09-30-2026,"Cavnue, LLC"
,,"Civil,",10-02-2009,09-30-2026,BARR ENGINEERING COMPANY
,,"Civil,",05-19-2016,03-31-2026,"Access Care LLC

US Army Reserve"
,,"Civil,",09-29-2009,06-30-2026,"KCE Matrix, Inc."
,,"Civil,",06-14-1995,07-31-2027,"OCI

URS CORP"
,,"Civil,",05-23-2015,03-31-2026,City of McKinney
,,"Civil,",10-31-2007,09-30-2026,Parsons Transportation Group
,,"Civil,",03-16-2021,12-31-2026,Stantec Consulting Services Inc
,,"Civil,",06-30-2022,07-31-2027,KIMLEY HORN
,,"Civil,",12-28-2005,09-30-2026,"Apex Companies, LLC"
,,"Civil,",08-23-2022,06-30-2026,"Janssen & Spaans Engineering, Inc."
,,"Civil,",06-23-2014,03-31-2026,Omega Engineering Consultants
,,"Civil, 
Structural,",02-14-2014,12-31-2026,Clayco Design & Engineering Inc.
,,"Civil,",12-04-2017,09-30-2026,GFT Inc
,,"Civil,",12-06-2018,09-30-2026,"Engineering & Terminal Services, LP"
,,"Civil,",08-03-2006,06-30-2026,Shell
,,"Civil,",12-18-2009,09-30-2026,CDM Smith Inc.
,,"Civil,",02-03-2020,12-31-2026,"LJA Engineering, Inc."
,,"Civil,",09-09-2025,06-30-2026,
,,"Civil,",12-13-1991,09-30-2026,
,,"Civil,",12-19-2008,09-30-2026,"Karr Engineering, LLC"
,,"Civil,",05-21-2014,03-31-2026,"WSP USA, Inc."
,,"Civil,",02-14-2022,12-31-2026,"AECOM Technical Services, Inc."
,,"Structural, 
Civil,",03-21-2006,12-31-2026,"Stress Engineering Services, Inc."
,,"Civil,",12-16-2020,09-30-2026,Integra Mission Critical
,,"Civil,",11-26-2024,09-30-2026,"Kimley-Horn and Associates, Inc."
,,"Civil,",03-03-2020,12-31-2026,AECOM
,,"Civil,",10-21-2015,09-30-2026,Lail Bridge Forms
,,"Civil,",04-14-2004,03-31-2026,"Hill International, Inc."
,,"Civil,",04-08-2022,03-31-2024,"Weaver Consultants Group, LLC"
,,"Civil,",06-21-2022,03-31-2026,"Quiddity Engineering, LLC"
,,"Civil,",10-07-2022,09-30-2024,HDR ENGINEERING INC
,,"Civil,",12-10-2003,09-30-2026,American Structurepoint Inc.
,,"Civil,",07-25-2019,06-30-2026,2H Offshore Inc
,,"Civil,",04-24-2012,03-31-2026,"LIVIC Civil, LLC"
,,"Civil,",08-08-2022,06-30-2026,PARKHILL SMITH & COOPER INC
,,"Civil,",01-10-1992,12-31-2026,Andrew Keith Engineering Services
,,"Civil,",08-30-2022,06-30-2026,"Vogler & Spencer Engineering, Inc."
,,"Civil, 
Structural,",05-09-2024,07-31-2027,"Eagle Metal Products, LLC"
,,"Civil,",06-08-2010,03-31-2026,AFCEC
,,"Civil,",10-09-2023,09-30-2026,Oncor Electric Delivery Company
,,"Civil,",05-22-2013,03-31-2026,"Kimley-Horn Associates, Inc.

MXY+KH, LLC"
,,"Civil,",06-04-2010,03-31-2026,United Grid Solutions
,,"Civil,",12-08-2016,09-30-2026,Arcadis
,,"Civil,",08-13-2019,06-30-2026,"AES Group, Inc"
,,"Civil,",03-20-2023,12-31-2026,"Southwest Engineers, LLC"
,,"Civil,",05-27-2010,07-31-2027,HR Green Inc.
,,"Civil,",05-19-2016,03-31-2026,Michael Baker International
,,"Civil,",09-09-2021,06-30-2026,Horizon Engineering LLC
,,"Civil,",06-30-2025,07-31-2027,
,,"Civil,",01-05-1990,12-31-2026,"WJ International Enviromental Services, Inc."
,,"Civil,",04-01-2024,07-31-2027,Applied Science International LLC
,,"Civil,",01-23-2025,12-31-2026,WSP USA Inc.
,,"Civil,",07-16-1987,06-30-2024,"Array Technologies Inc.

A. Y. Khammash"
,,"Civil,",07-19-2021,06-30-2026,KPFF
,,"Civil,",01-18-2002,12-31-2026,CITY OF DALLAS WATER UTILITIES
,,"Structural, 
Civil, 
Structural - Structural II exam",01-27-2005,12-31-2026,QatarEnergy
,,"Civil,",12-15-2014,09-30-2024,HNTB Corporation
,,"Civil,",06-02-2005,03-31-2026,Parsons Transportation Group
,,"Civil,",02-13-1997,12-31-2026,Burns & McDonnell
,,"Civil,",01-24-1997,12-31-2026,Fluor Corporation
,,"Civil,",05-25-2011,07-31-2027,ESI
,,"Civil,",02-11-2022,12-31-2025,
,,"Civil,",01-21-2026,12-31-2026,"AECOM Energy & Construction, Inc."
,,"Civil,",01-22-1992,12-31-2026,"ENCOTECH ENGINEERING CONSULTANTS, INC

ENCOTECH ENGINEERING CONSULTANTS, SA, INC."
,,"Civil,",06-30-2020,07-31-2027,Hatch Limited
,,"Civil,",12-11-2015,09-30-2026,City of Houston
,,"Civil,",06-10-2008,03-31-2026,"Pape-Dawson Consulting Engineers, LLC

Costello, Inc."
,,"Civil,",06-02-2005,03-31-2026,"Harman Engineering Consultant, LP"
,,"Civil, 
Structural,",05-25-2011,03-31-2026,Jacobs
,,"Naval Architecture/Marine Engineering, 
Civil,",07-12-2002,06-30-2026,Aker Solution
,,"Civil,",12-06-2018,09-30-2026,WESTWARD ENVIRONMENTAL INC
,,"Civil,",01-07-2019,12-31-2024,CORE Consultants
,,"Civil,",11-18-2019,09-30-2026,TKDA
,,"Civil,",06-02-2004,03-31-2026,KBR TECHNICAL SERVICES INC
,,"Civil,",02-20-2024,12-31-2026,HDR ENGINEERING INC
,,"Civil,",06-02-2025,07-31-2027,"Cobb, Fendley & Associates, Inc."
,,"Civil,",11-17-2023,09-30-2026,
,,"Civil,",01-25-1990,12-31-2026,"LJA Engineering, Inc."
,,"Civil,",01-29-2019,12-31-2026,"KTA-Tator, Inc."
,,"Civil,",07-22-2021,06-30-2026,DSI Tunneling USA
,,"Civil,",07-26-1996,06-30-2026,
,,"Civil,",12-14-2011,09-30-2026,"FACADE STUDIO ENGINEERING LP

Facade Studio, LLC"
,,"Civil, 
Structural,",05-25-2011,03-31-2026,
,,"Civil,",05-19-2016,07-31-2027,
,,"Civil,",08-01-1997,06-30-2026,"Neel-Schaffer, Inc"
,,"Civil,",07-25-2017,06-30-2026,
,,"Civil,",03-09-2015,12-31-2026,Conagra Brands
,,"Civil,",03-26-2024,12-31-2026,WSP USA Inc.
,,"Civil,",12-11-2015,09-30-2026,STV Incorporated
,,"Civil,",09-24-2018,06-30-2026,AECOM
,,"Civil,",08-04-2020,06-30-2026,USACE Galveston District
,,"Civil,",12-08-2016,09-30-2026,City of Boerne
,,"Civil,",04-01-1983,07-31-2027,"xGEL Data Systems, LLC"
,,"Civil,",12-22-2020,09-30-2026,WorleyParsons Group Inc.
,,"Civil,",06-15-2022,03-31-2026,"Omega Engineers, Inc."
,,"Civil,",05-03-2012,03-31-2026,Strinteg Corporation
,,"Civil,",06-15-2005,07-31-2027,"Jacobs Engineering Group, Inc."
,,"Civil,",05-25-2011,03-31-2026,San Antonio Water System
,,"Civil,",07-30-2020,06-30-2026,"R & O Engineering, P.C."
,,"Civil,",11-14-2006,09-30-2026,"AK Engineering, PLLC"
,,"Civil,",07-07-2017,06-30-2026,Provost & Pritchard Consulting Group
,,"Civil,",11-03-2021,09-30-2026,KIMLEY-HORN & ASSOCIATES INC
,,"Civil,",08-23-1991,06-30-2026,"Alan R. Kowalik, P.E. (dba) Kowalik Engineering"
,,"Civil,",05-11-1990,03-31-2025,TOWERKRAFT ENGINEERING PC
,,"Civil,",12-22-2021,09-30-2026,Kiewit Corporation
,,"Civil,",11-21-1984,09-30-2026,Federal Highway Administration
,,"Civil, 
Structural,",04-17-2009,03-31-2026,"TopKnot Engineering, LLC"
,,"Civil,",06-03-1988,07-31-2027,"Digital Engineering & Imaging, Inc."
,,"Civil,",12-08-2021,09-30-2026,HDR ENGINEERING INC
,,"Civil,",12-11-2015,09-30-2026,Terracon
,,"Civil,",02-14-2025,12-31-2026,WSP USA Inc.
,,"Civil,",12-19-2008,09-30-2026,"LJA Engineering, Inc."
,,"Civil,",08-04-2020,06-30-2026,KIMLEY-HORN & ASSOCIATES INC
,,"Civil,",09-06-2023,06-30-2026,Braun Intertec Corporation
,,"Civil,",08-04-2022,06-30-2026,BURNS & MCDONNELL ENGINEERING CO INC
,,"Civil,",08-06-2013,06-30-2026,"Alpha Consulting Engineers, Inc."
,,"Civil,",04-01-2021,03-31-2026,AECOM
,,"Civil,",02-05-2015,12-31-2026,Amazon Web Services
,,"Civil,",12-18-2009,09-30-2026,"Wood

Auris Engineering & Design, LLC"
,,"Civil,",03-05-2025,12-31-2026,WSP USA Inc.
,,"Civil,",09-09-2015,06-30-2026,Richmond Engineering
,,"Civil,",03-25-2024,12-31-2026,"Felsburg, Holt & Ullevig, Inc"
,,"Civil,",09-27-2023,06-30-2026,"HVJ North Texas - Chelliah Consultants, Inc."
,,"Civil,",06-02-2005,03-31-2026,Texas Department of Transportation
,,"Civil,",03-25-2019,12-31-2026,Steel King Industries
,,"Civil,",05-20-2011,03-31-2026,BLACK & VEATCH CORPORATION
,,"Civil,",03-13-1992,12-31-2025,AKEA Inc.
,,"Civil,",10-20-2000,09-30-2026,
,,"Civil,",11-08-2016,09-30-2026,WSP USA Inc.
,,"Civil,",05-26-2015,03-31-2026,H2B Engineers
,,"Civil,",12-04-2013,09-30-2026,Edward Jones
,,"Civil,",09-03-2021,06-30-2026,Thornton Tomasetti
,,"Civil,",07-18-2022,06-30-2026,ARCADIS US Inc
,,"Civil,",05-25-2011,07-31-2027,Naval Facilities Engineering Systems Command
,,"Environmental, 
Civil,",06-15-2007,03-31-2026,Texas Commission on Environmental Quality
,,"Civil,",05-26-2015,07-31-2027,"Lamco Engineering LLC

The ProNet Group Inc"
,,"Civil,",08-22-2022,06-30-2026,J.S. Held LLC
,,"Civil,",01-27-2025,12-31-2026,WSB LLC
,,"Civil,",11-27-2023,09-30-2026,"Westwood Professional Services, Inc"
,,"Civil,",08-11-2025,06-30-2026,
,,"Civil,",02-15-1991,12-31-2026,Alan Karner Lambeth
,,"Civil,",03-30-2021,12-31-2026,Bamforth Engineers
,,"Civil,",05-22-2013,03-31-2026,Lobsinger & Potts Structural Engineering
,,"Civil,",02-21-2018,12-31-2026,Cobb Fendley Engineers
,,"Civil,",02-19-1986,12-31-2026,Wood PLC
,,"Civil,",12-16-2014,09-30-2026,Texas A&M System
,,"Civil,",12-13-2023,09-30-2026,"Halff Associates, Inc."
,,"Civil,",06-17-2021,03-31-2026,"VAA ENG, LLC"
,,"Civil,",12-07-2018,09-30-2026,CST Industries Inc
,,"Civil,",11-21-2024,09-30-2026,
,,"Civil,",12-12-2012,09-30-2026,IIT Bombay
,,"Civil,",12-27-2006,09-30-2026,
,,"Civil,",02-02-2006,12-31-2026,"A&E Consultants, Inc"
,,"Civil,",10-26-2021,09-30-2026,"C.H. Fenstermaker & Associates, L.L.C."
,,"Civil,",11-18-2025,09-30-2026,
,,"Civil,",12-19-2008,09-30-2026,Steger Bizzell
,,"Civil,",05-21-2014,03-31-2026,"Quiddity Engineering, LLC, dba Jones & Carter, Inc."
,,"Civil,",05-19-2016,07-31-2027,Harris County Engineering Department
,,"Civil,",07-13-2017,06-30-2026,WSP USA Inc.
,,"Civil,",05-22-2013,03-31-2026,Texas Department of Transportation
,,"Civil,",08-30-2022,06-30-2026,"Westwood Professional Services, Inc"
,,"Civil,",12-10-2024,09-30-2026,CDM Smith Inc.
,,"Civil,",08-05-2020,06-30-2026,Jacobs Engineering
,,"Civil,",01-07-2026,12-31-2026,
,,"Civil,",12-03-2009,09-30-2026,WSP USA
,,"Civil,",05-11-2020,03-31-2026,
,,"Civil,",01-27-2026,12-31-2026,Intrinsic Solutions LLC
,,"Civil,",10-07-2019,09-30-2024,Campos EPC LLC
,,"Civil,",06-27-2022,07-31-2027,BURNS & MCDONNELL ENGINEERING CO INC
,,"Civil,",12-04-2013,09-30-2026,Texas Department of Transportation
,,"Civil,",02-13-1997,12-31-2026,Snohomish County Conservation and Natural Resources Dept.
,,"Civil,",10-07-2021,09-30-2026,"LJA Engineering, Inc."
,,"Civil,",12-11-2015,09-30-2026,"Kimley-Horn and Associates, Inc."
,,"Civil,",08-07-2025,06-30-2026,"LJA Engineering, Inc."
,,"Civil,",03-19-2019,12-31-2026,WSB LLC
,,"Civil,",08-04-2015,06-30-2026,
,,"Civil,",09-01-2022,06-30-2026,Kiewit Engineering Group Inc.
,,"Chemical, 
Civil,",10-05-2011,09-30-2026,"Ellis and Levine Engineering a division of The Lighthouse Companies, LLC

The Lighthouse Company"
,,"Civil,",05-01-2023,07-31-2027,City of Round Rock
,,"Civil,",12-04-2017,09-30-2026,
,,"Civil,",07-19-2018,06-30-2026,Simpson Gumpertz & Heger Inc.
,,"Civil,",11-23-2009,09-30-2026,CORNERSTONE ENGINEERING INC
,,"Civil,",09-14-1990,06-30-2026,
,,"Civil,",03-13-2023,12-31-2026,"TerraTech Engineering and Construction Services, Inc."
,,"Civil,",05-10-2022,07-31-2027,"Kimley-Horn and Associates, Inc."
,,"Civil,",04-28-2011,07-31-2027,HDR
,,"Civil,",07-02-2020,06-30-2026,Hayes Engineering Inc
,,"Civil,",03-17-2022,12-31-2026,Lim & Associates Inc
,,"Civil,",08-05-2013,06-30-2026,Toll Architecture
,,"Civil,",02-13-2013,12-31-2026,City of Keller
,,"Civil,",05-22-2014,03-31-2026,Brierley Associates Corporation
,,"Civil,",04-06-1976,03-31-2026,KCI
,,"Civil,",02-03-1995,12-31-2026,"Armbrust & Brown, PLLC"
,,"Civil,",09-16-2024,06-30-2026,"Quiddity Engineering, LLC"
,,"Civil,",09-03-2025,06-30-2026,LOCKWOOD ANDREWS & NEWNAM INC
,,"Civil,",01-15-2025,12-31-2026,CEC Corporation
,,"Civil,",10-22-2021,09-30-2026,"BCC Engineering, LCC"
,,"Civil,",05-31-2022,03-31-2026,Austin Transit Partnership
,,"Civil,",04-25-2011,03-31-2026,TRANSDESIGN INTERNATIONAL LLC
,,"Civil,",12-27-2006,09-30-2026,San Antonio Water System
,,"Civil,",05-21-2014,07-31-2027,Knight Engineering Professional Association Inc.
,,"Civil,",12-11-2015,09-30-2026,Kimley-Horn
,,"Civil,",03-05-2020,12-31-2026,"OtroVia Consulting, LLC"
,,"Civil,",12-06-2018,09-30-2026,USDA-NATURAL RESOURCES CONSERVATION SERVICE
,,"Civil,",02-03-2017,12-31-2026,"Surveying and Mapping, LLC"
,,"Civil,",05-19-2016,07-31-2027,Energy Transfer
,,"Civil,",06-15-2007,03-31-2026,Texas Department of Transportation
,,"Civil,",05-02-1997,03-31-2024,
,,"Civil, 
Structural,",09-12-2014,06-30-2026,"Siegfried Engineering, Inc."
,,"Civil,",06-08-2010,07-31-2027,The DOW Chemical Company
,,"Civil,",06-02-2004,07-31-2027,Texas Department of Transportation
,,"Civil, 
Structural,",12-20-2007,09-30-2026,AJL Engineering
,,"Civil,",05-25-2017,03-31-2026,Ulteig Engineers Inc
,,"Civil,",06-19-2006,07-31-2027,"Sentech Architectural System, LLC"
,,"Civil,",06-10-2008,07-31-2027,Garver USA
,,"Civil,",05-28-2024,07-31-2027,Drake Companies LLC
,,"Civil,",08-02-2018,06-30-2026,RS&H
,,"Civil,",12-12-2019,09-30-2026,CITY OF AUSTIN
,,"Civil,",09-26-2025,06-30-2026,WSP USA
,,"Civil,",10-08-2018,09-30-2026,Wade Trim
,,"Civil,",07-10-2024,06-30-2026,"Carollo Engineers, Inc."
,,"Civil,",12-14-2011,09-30-2026,Bleyl Engineering
,,"Civil,",05-08-2017,07-31-2027,Civil Engineering Consultants
,,"Civil,",06-06-2023,07-31-2027,M&S Engineering
,,"Civil,",02-28-2018,12-31-2026,Tarrant Regional Water District
,,"Civil,",05-19-2016,03-31-2026,M W Cude Engineers LLC
,,"Civil,",03-15-2002,12-31-2026,"SNM2R LLC

Loya Associates"
,,"Civil,",03-05-2020,12-31-2026,STV Incorporated
,,"Civil,",02-10-2022,12-31-2025,GANNETT FLEMING INC
,,"Civil,",08-13-2024,06-30-2026,"Freese and Nichols, Inc."
,,"Civil,",12-11-2015,09-30-2026,General Services Administration
,,"Civil,",10-07-2025,09-30-2026,"Halff Associates, Inc."
,,"Civil,",12-14-2011,09-30-2026,TEAGUE NALL AND PERKINS INC
,,"Civil,",04-16-2024,03-31-2026,BGE Inc.
,,"Civil,",03-01-2013,12-31-2026,"Fluor Enterprises, Inc."
,,"Civil,",08-29-2025,06-30-2026,"Solaray Engineering, Inc."
,,"Civil,",03-03-2023,12-31-2026,Kimley-Horn
,,"Civil,",05-23-2019,07-31-2027,Texas Department of Transportation
,,"Civil,",05-17-2022,07-31-2027,
,,"Civil,",06-02-2005,03-31-2026,
,,"Civil,",04-15-2025,03-31-2026,
,,"Civil,",12-27-2006,09-30-2026,MRB Group
,,"Civil,",09-16-2022,06-30-2026,Barun Corp
,,"Civil,",12-29-2010,09-30-2026,Texas Department of Transportation
,,"Civil,",02-08-2023,12-31-2026,ReStl Designers
,,"Civil,",02-21-2023,12-31-2026,
,,"Civil,",06-19-2006,03-31-2026,Texas Department of Transportation
,,"Civil,",05-14-2025,03-31-2026,The Goodman Corporation
,,"Civil,",04-29-1966,03-31-2026,"A & R ENGINEERING & TESTING, INC"
,,"Civil,",02-06-1998,12-31-2026,Air Products and Chemicals
,,"Civil,",10-13-2000,09-30-2026,NextEra Energy
,,"Civil,",10-09-2025,09-30-2026,
,,"Civil,",06-27-2007,07-31-2027,Texas Department of Transportation
,,"Civil,",10-04-2022,09-30-2026,
,,"Civil,",12-18-2009,09-30-2026,American Buildings Company
,,"Civil,",08-31-2021,06-30-2026,Garver LLC
,,"Civil,",04-04-1979,03-31-2026,MCE CONSULTANTS INC
,,"Structural, 
Civil,",06-22-1990,07-31-2027,"S&B Engineers and Constructors, Ltd."
,,"Civil,",12-11-2015,09-30-2026,California Department of Corrections and Rehabilitation
,,"Civil,",08-18-2025,06-30-2026,
,,"Civil,",01-07-2019,12-31-2026,City of Austin Public Works Department
,,"Civil,",12-20-2007,09-30-2026,A&L Consulting LLC
,,"Civil,",08-16-2018,06-30-2026,alliantgroup
,,"Civil,",08-09-2014,06-30-2026,City of Dallas
,,"Civil,",07-03-2024,06-30-2026,JS Held
,,"Civil,",12-22-1989,09-30-2026,"Fema Emergency Management Agency

GALVESTON COUNTY"
,,"Civil,",06-04-2021,03-31-2026,"FREESE & NICHOLS INC

MAL, LLC"
,,"Civil,",11-26-2025,09-30-2026,
,,"Civil,",05-31-2023,07-31-2027,Bechtel India Pvt Ltd
,,"Civil,",11-03-2025,09-30-2026,Gedeon GRC Consulting
,,"Civil,",08-01-2024,06-30-2026,"RS&H, Inc"
,,"Civil,",06-14-1991,03-31-2026,ANDREW V MALLER P E
,,"Civil,",12-04-2025,09-30-2026,
,,"Civil,",08-27-2024,06-30-2026,"WGI, Inc."
,,"Civil,",07-09-1979,06-30-2026,
,,"Civil,",05-13-2013,03-31-2026,"Design Consulting Engineers, Inc."
,,"Civil,",07-07-2022,06-30-2026,STANTEC
,,"Civil,",08-01-2023,06-30-2026,TEAGUE NALL & PERKINS INC
,,"Civil, 
Structural,",04-09-2018,07-31-2027,
,,"Civil,",05-30-2023,03-31-2026,Parsons Corporation
,,"Civil,",12-12-2012,09-30-2026,"PETRICHOR TECHNICAL GROUP, LLC"
,,"Civil,",02-10-2026,01-31-2027,
,,"Civil,",12-14-2011,09-30-2026,"Burns and McDonnell

CTCI Americas, Inc"
,,"Civil,",12-04-2017,09-30-2026,"AECOM Technical Services, Inc."
,,"Civil,",12-11-2015,09-30-2026,AMO Structural Engineering LLC
,,"Civil,",12-16-2011,09-30-2026,STAR GEOENVIRONMENTAL
,,"Civil,",07-03-2025,06-30-2026,"BGE, Inc."
,,"Civil,",10-22-2025,09-30-2026,
,,"Civil,",12-21-2009,09-30-2026,"MASTER INSPECTIONS Inc. dba MTS Engineering

HALLIWELL ENGINEERING"
,,"Civil,",07-08-2020,06-30-2026,Google LLC
,,"Civil,",12-15-2004,09-30-2026,"Luminant Mining Company, LLC"
,,"Civil,",12-12-2019,09-30-2026,Bechtel Energy Inc.
,,"Civil,",06-20-2019,03-31-2026,RRP CONSULTING ENGINEERS LLC
,,"Civil,",09-24-2014,06-30-2026,"KSA Engineers, Inc.

Pape-Dawson Consulting Engineers, LLC"
,,"Civil,",12-15-2014,09-30-2026,Harris County Precinct Two
,,"Civil,",08-09-2011,06-30-2026,University of Texas @ El Paso
,,"Civil,",12-04-2017,09-30-2026,U.S. Pipe & Foundry Co.
,,"Civil,",06-02-2004,07-31-2027,WSP USA Inc
,,"Civil,",01-09-2003,12-31-2026,TEXAS A & M UNIVERSITY
,,"Civil,",01-06-1984,12-31-2026,BSM ENGINEERS INC
,,"Environmental, 
Civil,",10-17-2012,09-30-2026,"Arcwood Environmental, LLC

Blue Sky Engineering, Inc."
,,"Civil,",12-28-2005,09-30-2026,City of Austin
,,"Civil,",02-02-1981,12-31-2026,TEXAS COMMISSION ON ENVIRONMENTAL QUALITY
,,"Civil,",05-22-2013,03-31-2026,TXDOT
,,"Civil,",03-18-2025,12-31-2026,Texas Department of Transportation
,,"Civil,",05-21-2014,03-31-2026,"BGE, Inc."
,,"Civil,",04-21-1988,03-31-2026,"STV, Inc."
,,"Civil,",08-28-2017,06-30-2026,"Entech Civil Engineers, Inc."
,,"Civil,",05-19-2016,03-31-2026,Crane Engineering Corp.
,,"Civil,",04-26-2018,03-31-2026,Horrocks LLC
,,"Civil,",03-15-2021,12-31-2026,TEXAS DEPARTMENT OF TRANSPORTATION
,,"Civil,",12-12-2019,09-30-2026,MACINA BOSE COPELAND & ASSOCIATES INC
,,"Civil,",06-13-2003,03-31-2026,Stantec Consulting Services Inc
,,"Civil,",07-14-2021,06-30-2024,
,,"Civil,",06-20-2018,03-31-2026,
,,"Civil,",12-18-2009,09-30-2026,"AllEmployment Solutions, LLC"
,,"Civil,",03-08-1989,12-31-2026,"Amistad Consulting Services, Inc."
,,"Civil,",05-04-2012,03-31-2026,AKM Engineering Consultants
,,"Civil,",01-18-2002,12-31-2026,
,,"Civil,",06-27-1988,07-31-2027,
,,"Civil,",05-05-2021,03-31-2026,
,,"Civil,",12-09-2021,09-30-2026,City of Fort Collins
,,"Civil,",08-23-2016,06-30-2026,"TaxTaker, Inc.

AEM Engineering Consultants, PLLC"
,,"Civil,",12-07-2018,09-30-2026,"Bowman Consulting Group, Ltd"
,,"Civil,",09-04-2024,06-30-2026,"BGE, Inc."
,,"Civil,",11-14-2023,09-30-2026,Tesla Inc.
,,"Civil,",02-13-2013,12-31-2026,
,,"Civil,",06-19-2024,07-31-2027,"EDGE Engineering, PLLC"
,,"Civil,",04-10-2018,03-31-2026,"Westwood Professional Services, Inc

Peloton Land Solutions, Inc."
,,"Civil, 
Electrical/Computer,",12-19-2008,09-30-2026,"Birkhoff, Hendricks & Carter, LLP"
,,"Civil,",07-09-2018,06-30-2026,City of San Antonio Public Works Department
,,"Civil,",01-07-2025,12-31-2026,HDR Inc.
,,"Civil,",06-15-2007,03-31-2026,"Leidos, Inc."
,,"Civil,",10-20-2005,09-30-2026,"CONSOR Engineers, LLC"
,,"Civil,",12-05-2024,09-30-2026,
,,"Civil,",08-16-2023,06-30-2026,ISAT Engineering
,,"Civil,",05-22-2013,07-31-2027,KMEC Engineering & Conveying Systems LLC
,,"Civil,",05-25-2011,03-31-2026,"BURNS & MCDONNELL ENGINEERING CO INC

Adam W. Matthiesen (dba) Matthiesen Consulting"
,,"Civil,",12-15-2014,09-30-2026,Subsea7
,,"Civil,",06-02-2023,03-31-2026,"Huitt-Zollars, Inc"
,,"Civil,",05-05-2022,03-31-2026,CDM Smith Inc.
,,"Civil,",06-13-2003,03-31-2026,FREESE & NICHOLS INC
,,"Civil,",07-26-1996,06-30-2026,"Pape-Dawson Consulting Engineers, LLC"
,,"Civil,",04-02-2025,07-31-2027,City of Temple - Department of Public Works
,,"Civil,",09-01-2015,06-30-2026,"Fisher & Arnold, Inc."
,,"Civil,",06-11-2024,03-31-2026,"Barry Engineering, Inc"
,,"Civil,",12-10-2003,09-30-2026,
,,"Civil,",10-26-2020,09-30-2026,CDM Smith Inc.
,,"Civil,",09-06-2017,06-30-2026,SoilFreeze Inc.
,,"Civil, 
Structural,",11-03-2021,09-30-2026,"AM Structures, INC"
,,"Civil,",05-19-2015,07-31-2027,Structural Consulting Services
,,"Civil,",07-17-1980,06-30-2026,ANN MARIE MCCORMICK P E
,,"Civil,",12-28-2005,09-30-2026,Jacobs
,,"Civil,",06-30-1977,03-31-2026,Retired
,,"Civil,",01-09-2019,12-31-2026,
,,"Civil,",04-21-2009,07-31-2027,"Wade Trim Associates, Inc."
,,"Civil,",11-08-2021,09-30-2026,Westwood Professional Services Inc.
,,"Civil,",03-05-2021,12-31-2026,McDaniel & Associates
,,"Civil,",12-08-2022,09-30-2026,"Evolving Texas, LP"
,,"Civil,",01-02-2023,12-31-2026,Michael Baker International
,,"Civil,",11-17-2000,09-30-2026,"Wireless Structures Consulting, PC"
,,"Civil, 
Structural,",06-08-2010,03-31-2026,Protection Engineering Consultants LLC
,,"Civil,",02-28-1992,12-31-2026,"LJA Engineering, Inc."
,,"Civil,",01-22-2018,12-31-2026,TxDot
,,"Civil,",04-26-2013,03-31-2026,Upper Trinity Regional Water District
,,"Civil,",12-09-2015,09-30-2025,"Stantec Consulting Engineers, Inc."
,,"Civil,",12-04-2018,09-30-2026,"LJA Engineering, Inc."
,,"Civil,",04-04-2024,03-31-2026,KFM Engineering & Design
,,"Civil,",12-11-2015,09-30-2026,"Treaty Oak Clean Energy, LLC."
,,"Civil,",02-21-2020,12-31-2026,TIGHE & BOND INC
,,"Civil,",05-03-2021,03-31-2026,William H Engineering LLC
,,"Civil,",09-15-2025,06-30-2026,Protection Engineering Consultants LLC
,,"Civil,",06-05-2023,03-31-2026,"MICHAEL BAKER INTERNATIONAL, INC."
,,"Civil,",08-06-2021,06-30-2026,HKS Inc
,,"Civil,",09-06-2022,06-30-2026,Flatiron Construction Corp.
,,"Civil,",12-20-2007,09-30-2026,CITY OF AUSTIN
,,"Civil,",06-24-2024,07-31-2027,CITY OF SAN ANTONIO
,,"Civil,",07-16-1993,06-30-2025,Retired
,,"Civil,",08-19-2022,06-30-2026,Atkinsrealis
,,"Civil,",12-15-2004,09-30-2026,Gilbane Building Co.
,,"Civil,",05-22-2013,07-31-2027,
,,"Civil,",02-05-1999,12-31-2026,"Civil and Environmental Consultants, Inc."
,,"Civil,",09-23-2025,06-30-2026,"Lockwood, Andrews & Newman, Inc."
,,"Civil,",09-27-2022,06-30-2026,"ARCADIS US, Inc."
,,"Civil,",08-04-2025,06-30-2026,
,,"Civil,",05-22-2024,07-31-2027,"Maldonado-Burkett, LLP"
,,"Civil,",05-15-2018,07-31-2027,"Elite Construction and Engineering Services, LLC"
,,"Civil,",06-02-2004,03-31-2026,WSP
,,"Civil,",06-22-1990,03-31-2024,Unemployed
,,"Civil,",05-26-2015,03-31-2026,"Burrow Global Services, LLC

AMEL Engineering & Consulting, LLC"
,,"Civil,",08-05-2010,06-30-2026,"Maverick Civil & Survey, LLC"
,,"Civil,",09-15-2020,06-30-2026,
,,"Civil,",07-31-2019,06-30-2026,ATKINSREALIS USA INC.
,,"Civil,",09-01-2015,06-30-2026,FCC Canada Ldt.
,,"Civil,",12-18-2023,09-30-2025,
,,"Mechanical, 
Civil,",02-07-2018,12-31-2026,KONE ELEVATORS & ESCALATORS
,,"Civil,",03-22-2022,12-31-2026,Texas Department of Transportation
,,"Civil,",04-26-2022,03-31-2026,HDR Construction Control Corporation
,,"Civil,",05-19-2023,07-31-2027,"CoreStates Construction Services, Inc."
,,"Civil,",05-16-2018,07-31-2027,NEI Electric Power Engineering Inc
,,"Civil,",06-12-2023,03-31-2026,"AECOM Technical Services, Inc."
,,"Civil,",08-27-2020,06-30-2026,"Garza EMC, LLC"
,,"Civil,",07-20-2001,06-30-2026,"BGE, Inc."
,,"Civil,",06-02-2005,03-31-2026,North Texas Tollway Authority
,,"Civil,",02-10-2017,12-31-2026,Wheeler LLC
,,"Civil,",08-29-2019,06-30-2026,City of Buda
,,"Civil,",04-04-2016,07-31-2027,Thalassa Technology and Engineering
,,"Civil,",09-27-1991,06-30-2024,ALFRED H MEYERS
,,"Civil,",07-13-1989,06-30-2026,"VRX, Inc.

Rory Meza Engineering, LLC"
,,"Civil,",09-01-2015,06-30-2026,"VAK Construction Engineering Services, LLC"
,,"Civil,",07-10-2025,06-30-2026,Kimley-Horn
,,"Civil, 
Structural,",05-27-2015,03-31-2026,"City of New Braunfels

Adam Michie P.E."
,,"Civil,",05-31-2016,03-31-2026,Donan Engineering
,,"Civil,",12-29-2010,09-30-2026,"Plummer Associates, Inc."
,,"Civil,",05-15-1989,03-31-2026,
,,"Civil,",06-02-2004,03-31-2026,TxDOT
,,"Civil,",12-01-2020,09-30-2026,JAS Pacific
,,"Civil,",09-17-2015,06-30-2026,"Environmental Science Services, Inc."
,,"Civil,",11-08-2021,09-30-2026,TEAGUE NALL AND PERKINS INC
,,"Civil,",05-13-2019,03-31-2026,"BCC Engineering, LLC"
,,"Structural, 
Civil,",02-09-2001,12-31-2026,HUNT & JOINER INC
,,"Civil,",02-09-2001,12-31-2026,"LJA Engineering, Inc."
,,"Civil,",06-11-1993,03-31-2026,Self
,,"Civil,",02-09-2024,12-31-2026,Burgess & Niple Inc
,,"Civil,",12-16-2014,09-30-2026,Texas Department of Transportation
,,"Civil,",07-21-2000,06-30-2026,Cordelio Power
,,"Civil,",11-01-2016,09-30-2026,Advantage Engineers
,,"Civil,",10-06-2025,09-30-2026,"Kimley-Horn and Associates, Inc."
,,"Civil,",07-17-1998,06-30-2026,AECOM
,,"Civil,",03-03-2023,12-31-2026,TERRACON CONSULTANTS INC
,,"Civil,",06-02-2015,03-31-2026,"Toole Design Group, LLC"
,,"Civil,",01-13-2025,12-31-2026,"Triune Infrastructure Group, LLC"
,,"Civil,",07-06-2007,06-30-2026,"DN Tanks, LLC"
,,"Civil,",03-10-2020,12-31-2026,TXDOT
,,"Civil,",12-27-2006,09-30-2026,Zachry Group
,,"Civil,",01-13-2026,12-31-2026,
,,"Civil,",03-02-2017,12-31-2026,FlatironDragados
,,"Civil,",10-29-1969,09-30-2026,"AAM Challenger Enterprises, LLC"
,,"Civil,",09-15-2005,06-30-2026,"LJA Engineering, Inc."
,,"Civil,",06-21-2019,03-31-2026,"QMETRICS Engineering LLC

Volkert"
,,"Civil,",08-01-2014,06-30-2026,Ford Motor Co.
,,"Civil,",12-27-2006,09-30-2026,NORTH CENTRAL TEXAS COUNCIL OF GOVTS
,,"Civil,",03-06-2020,12-31-2026,Ovivo USA LLC
,,"Civil,",09-25-2013,06-30-2026,Collins Engineers
,,"Civil,",06-13-2023,03-31-2026,PARSONS TRANSPORTATION GROUP
,,"Civil,",08-01-1997,06-30-2026,Unemployed
,,"Civil,",10-16-2017,09-30-2026,Westwood Professional Services
,,"Civil,",03-10-2025,12-31-2026,"Aperture Consultants Bryant, Inc."
,,"Civil,",05-27-1975,07-31-2027,
,,"Civil,",07-10-2018,06-30-2026,"Kimley-Horn and Associates, Inc.

Kimley-Horn and Associates, Inc."
,,"Civil,",01-17-2025,12-31-2026,WSP USA Inc.
,,"Civil,",06-19-2006,03-31-2026,2M Associates
,,"Civil,",10-27-2011,09-30-2026,"Mid-States Design & Engineering, Inc.

Moeller Engineering, LLC"
,,"Civil,",02-03-2014,12-31-2026,Confluence Engineering
,,"Civil,",08-28-2009,06-30-2026,Applied GeoScience Inc
,,"Civil,",06-20-1986,07-31-2027,"the Mohaddes group

Econolite/Umovity"
,,"Civil,",08-07-2025,06-30-2026,Milestone General
,,"Civil,",09-30-2020,06-30-2026,
,,"Civil,",03-11-2022,12-31-2026,Halff
,,"Civil,",02-11-2026,01-31-2027,
,,"Civil,",03-13-2020,12-31-2026,"Brown and Kubican, PSC"
,,"Civil,",12-20-2007,09-30-2026,WSP
,,"Civil,",07-02-2013,06-30-2026,M3 Engineering & Technology
,,"Civil,",03-04-2024,12-31-2026,"TXDOT - Houston District, Houston, Texas"
,,"Civil,",01-02-2025,12-31-2026,
,,"Civil,",06-04-2021,03-31-2026,"CONSOR North America, Inc."
,,"Civil,",02-26-2006,12-31-2026,
,,"Civil,",07-12-2012,06-30-2026,"AMMTEC Consultants, PLLC"
,,"Civil,",04-08-2020,03-31-2026,LandDesign
,,"Civil,",08-02-2024,06-30-2026,MFKessler
,,"Civil,",02-26-2025,12-31-2026,TEXAS DEPARTMENT OF TRANSPORTATION
,,"Civil,",12-30-2021,09-30-2026,City of Austin Watershed Protection Department
,,"Civil, 
Structural,",05-25-2011,07-31-2027,Curtain Wall Design and Consulting Inc.
,,"Civil,",08-12-2014,06-30-2026,"STV, Inc."
,,"Civil,",05-19-2016,07-31-2027,FERROVIAL CONSTRUCTION US CORP.
,,"Civil,",10-29-2025,09-30-2026,Kimley-Horn
,,"Civil,",05-19-2016,03-31-2026,Quiddity Engineering
,,"Civil,",01-17-2025,12-31-2026,"GFT Infrastructure, Inc"
,,"Civil,",09-09-2019,06-30-2026,"DCCM Infrastructure, Inc."
,,"Civil,",02-06-1998,12-31-2026,"Bridgefarmer & Associates, Inc."
,,"Civil,",04-14-2022,07-31-2027,Dielco Crane
,,"Civil,",03-14-2019,12-31-2026,Rimkus Consulting Group
,,"Civil,",11-09-2021,09-30-2026,"Foth Infrastructure & Environment, LLC"
,,"Civil,",05-13-2019,03-31-2026,Marx Okubo Associates Inc
,,"Civil,",06-19-2006,03-31-2026,"Moy Tarin Ramirez Engineers, LLC"
,,"Civil,",04-20-2018,07-31-2027,Texas Departement of Transportation
,,"Civil, 
Environmental,",03-25-2011,12-31-2026,San Antonio Water Systems (SAWS)
,,"Civil,",11-06-2023,09-30-2026,NICHOLSON CONSTRUCTION COMPANY
,,"Civil,",08-01-1997,06-30-2026,ATKINSREALIS USA INC.
,,"Civil,",03-05-2020,12-31-2026,USACE Baltimore District
,,"Civil,",01-16-1980,12-31-2026,"Arnold O. Moreno, P.E."
,,"Civil,",08-24-2018,06-30-2026,
,,"Civil,",12-11-2015,09-30-2026,Kimley Horn & Associates
,,"Civil,",06-07-2016,03-31-2026,TIGHE & BOND INC
,,"Civil,",01-30-2024,12-31-2026,APPLIED RESEARCH ASSOCIATES INCORPORATED
,,"Civil,",11-05-1999,09-30-2026,"Intersource Consulting Engineers, PLLC

Sowells Consulting Engineers"
,,"Civil,",06-30-2025,03-31-2026,"Atlas Design Services, PLLC"
,,"Civil,",01-28-2022,12-31-2026,KIMLEY-HORN & ASSOCIATES INC
,,"Civil,",06-17-2014,07-31-2027,WSP
,,"Civil,",12-05-2023,09-30-2026,"Wesley R. Segawa & Associates, Inc."
,,"Civil,",01-12-2022,12-31-2026,Texas A&M University
,,"Civil,",06-08-2022,03-31-2026,STV Inc.
,,"Civil,",06-03-2025,07-31-2027,
,,"Civil,",05-25-2017,07-31-2027,Tetra Tech
,,"Civil,",05-29-2018,07-31-2027,Texas Department of Transportation
,,"Civil,",05-26-2015,07-31-2027,CPS Energy
,,"Civil,",11-15-2022,09-30-2026,AMZ ENGINEERING INC.
,,"Civil,",01-06-1989,12-31-2026,LJA Engineering
,,"Civil,",04-17-2009,03-31-2026,"HR Green, Inc."
,,"Civil,",04-09-2025,07-31-2027,"Greenman-Pedersen, Inc."
,,"Civil,",08-17-2023,06-30-2026,"Kleinfelder, Inc."
,,"Civil,",09-03-2025,06-30-2026,"Abdullah Mujalli

DHI Engineers"
,,"Civil,",07-20-2023,06-30-2026,CITY OF DALLAS
,,"Civil,",05-19-2016,03-31-2026,TEAGUE NALL AND PERKINS INC
,,"Civil,",09-29-2022,06-30-2026,"LAN SE, LLC"
,,"Civil,",12-06-2018,09-30-2026,"AECOM Technical Services, Inc."
,,"Civil,",07-26-2024,06-30-2026,"Foster CM Group, Inc."
,,"Civil,",08-31-2021,06-30-2026,U.S. Department of Veterans Affairs
,,"Civil,",02-27-2018,12-31-2026,"TTL, Inc."
,,"Civil,",05-09-2016,03-31-2026,Penta Engineering Corporation
,,"Civil, 
Structural,",05-25-2011,07-31-2027,STRUCTUNEERING INC
,,"Civil,",01-11-2024,12-31-2026,Corsair Consulting LLC
,,"Civil,",12-04-2013,09-30-2026,
,,"Civil,",11-23-2021,09-30-2026,JACOBS ENGINEERING GROUP INC
,,"Civil,",06-30-2023,07-31-2027,"IDS Engineering Group, Inc."
,,"Civil,",02-09-2001,12-31-2026,"ALL-Ways Engineering, PLLC"
,,"Civil,",07-23-1999,06-30-2026,Leadership Traffic Services
,,"Civil,",06-04-2024,03-31-2026,City of Fort Worth
,,"Civil,",05-19-2023,07-31-2027,ARCADIS US Inc
,,"Civil,",11-03-2025,09-30-2026,
,,"Civil,",10-02-2014,09-30-2026,"Norwest Engineering, Inc."
,,"Civil,",05-25-2011,07-31-2027,
,,"Civil,",08-14-2020,06-30-2026,
,,"Civil,",11-25-1987,09-30-2024,
,,"Civil,",06-03-1988,03-31-2026,INTERNATIONAL CODE COUNCIL
,,"Civil,",05-25-2011,07-31-2027,
,,"Structural, 
Civil,",07-28-2020,06-30-2026,Witt Consulting
,,"Civil,",10-20-2022,09-30-2026,CYB Design
,,"Civil,",08-25-2025,06-30-2026,
,,"Civil,",01-12-2026,12-31-2026,DEPCOM Power Inc.
,,"Civil,",10-25-2024,09-30-2025,StarHill Engineers LLC
,,"Civil,",05-22-2013,03-31-2026,TEXAS DEPARTMENT OF TRANSPORTATION
,,"Civil,",06-11-2024,07-31-2027,"Structural and Steel Products, Inc"
,,"Civil,",12-08-2016,09-30-2026,"Southtown Engineering & Consulting, LLC."
,,"Civil, 
Environmental,",12-18-2009,09-30-2026,CDM Smith Inc.
,,"Civil,",10-14-2024,09-30-2026,"Boswell (TX), Inc."
,,"Civil,",12-04-2013,09-30-2026,"Bowman Consulting Group, Ltd

NYKR Consulting, LLC."
,,"Civil,",01-11-2017,12-31-2026,"WOOLPERT INC

ASAN Technologies, LLC"
,,"Civil,",01-03-2023,12-31-2026,Zachry Construction Corporation
,,"Civil,",12-15-2004,09-30-2026,
,,"Civil,",06-11-2024,07-31-2027,RES America Construction Inc.
,,"Civil,",01-26-2016,12-31-2026,
,,"Civil,",06-02-2005,07-31-2027,KIMLEY-HORN
,,"Civil,",04-16-2024,03-31-2026,"Vaquero Ventures Management, LLC"
,,"Civil,",08-03-2020,06-30-2026,"RS&H, Inc."
,,"Civil,",01-27-2026,12-31-2026,City of Houston
,,"Civil,",06-13-2003,03-31-2026,"Centex Professional Engineering LLC

Killeen E&S, LLC"
,,"Civil,",02-11-2019,12-31-2026,"CMT Technical Services, Inc"
,,"Civil,",03-19-2019,12-31-2026,US Department of State
,,"Civil,",10-25-2016,09-30-2026,Texas Tech University
,,"Civil,",12-29-2010,09-30-2026,FREESE & NICHOLS INC
,,"Civil,",03-15-2017,12-31-2026,The University of Texas at Austin
,,"Civil,",05-22-2013,07-31-2027,Slay Engineering Co Inc
,,"Civil,",08-22-2022,06-30-2026,Texas Department of Transportation
,,"Civil,",05-29-2019,03-31-2026,"Blackline Engineering, LLC"
,,"Civil,",05-30-2023,03-31-2025,Black & Veatch
,,"Civil,",12-12-2019,09-30-2026,Self
,,"Civil,",10-11-2017,12-31-2026,CDR Maguire Inc
,,"Civil,",02-06-1998,12-31-2026,Gradient PLLC
,,"Civil,",12-11-2015,09-30-2026,"Edminster, Hinshaw, Russ, & Associates, Inc."
,,"Civil,",12-11-2015,09-30-2026,Intertek PSI
,,"Civil,",12-19-2008,09-30-2026,WGA Consulting Engineers
,,"Civil,",03-12-2021,12-31-2026,"Acumen Engineering Design, LLC"
,,"Civil,",12-16-2014,09-30-2026,"Southwest Engineers, LLC"
,,"Civil,",02-12-1999,12-31-2026,
,,"Civil,",12-12-2012,09-30-2026,"KAVI CONSULTING INC.,"
,,"Civil,",09-29-2000,06-30-2026,Ninyo & Moore
,,"Civil,",04-30-2012,07-31-2027,
,,"Civil,",03-28-2024,12-31-2026,Jones Engineering Solutions
,,"Civil,",08-29-2008,06-30-2026,"Pinnacle Structures, Inc."
,,"Civil,",12-19-2008,09-30-2026,Shell
,,"Civil,",12-11-2015,09-30-2026,BP
,,"Civil,",08-30-2023,06-30-2026,"Kimley-Horn and Associates, Inc"
,,"Civil,",08-12-2025,06-30-2026,Westwood Professional Services
,,"Civil,",08-27-2019,06-30-2026,Nelson Forensics
,,"Civil,",01-05-2024,12-31-2026,"United Sign Engineering, LLC"
,,"Civil,",10-10-2019,09-30-2026,"Power Engineers, Inc."
,,"Civil,",12-12-2018,09-30-2026,"JMT, Inc."
,,"Civil,",05-22-2013,03-31-2026,
,,"Civil,",01-04-1991,12-31-2026,AMERICO ENERGY RESOURCES LLC
,,"Civil,",10-08-2010,09-30-2026,"RS&H, Inc."
,,"Civil,",03-23-2012,12-31-2026,KAW VALLEY
,,"Civil,",05-01-2023,03-31-2026,HUITT-ZOLLARS INC
,,"Civil,",12-03-2025,09-30-2026,"WEST Consultants, Inc."
,,"Civil,",12-20-2007,09-30-2026,"Integrity Environmental Solutions, LLC"
,,"Civil,",09-30-2025,06-30-2026,
,,"Civil,",11-06-2012,09-30-2026,"Entitlement and Engineering Solutions, Inc."
,,"Civil,",03-31-2021,12-31-2026,"Enovate Consulting, LLC"
,,"Civil, 
Structural,",10-14-2025,09-30-2026,Gedeon GRC Consulting
,,"Civil,",03-27-2025,12-31-2026,HNTB CORPORATION
,,"Civil,",11-20-2024,09-30-2026,"Consultec International, Inc."
,,"Civil,",01-27-2010,12-31-2026,Hazen and Sawyer
,,"Civil,",01-31-2003,12-31-2026,CITY OF AUSTIN-PUBLIC WORKS
,,"Civil,",10-12-2022,09-30-2026,Petitt-ECD
,,"Civil,",11-08-2019,09-30-2026,"Stephens Engineering Consultants, Inc."
,,"Civil,",01-09-2003,12-31-2026,"ACO Associates, Inc

SDC Construction, LLC"
,,"Civil,",07-08-1987,06-30-2026,"APM & ASSOCIATES

ANO & ASSOCIATES"
,,"Civil,",11-26-2018,09-30-2026,Chiyoda Corporation
,,"Civil, 
Environmental,",10-09-2008,09-30-2026,Multi-Lynx Companies Inc
,,"Civil,",01-29-1988,12-31-2026,"APM & Associates, Inc."
,,"Civil,",12-18-2025,09-30-2026,
,,"Civil,",12-27-2006,09-30-2026,JACOBS ENGINEERING GROUP INC
,,"Civil,",01-22-2021,12-31-2026,"ProNet Group, Inc."
,,"Civil,",07-22-1964,06-30-2026,
,,"Civil,",06-01-2023,03-31-2026,"AECOM Technical Services, Inc."
,,"Civil,",06-28-2021,03-31-2026,Kiewit Infrastructure South Co.
,,"Civil,",09-26-2025,06-30-2026,"TTL, Inc."
,,"Civil,",10-11-2023,09-30-2026,"SLATE Design Group, LLC"
,,"Civil,",03-25-2025,12-31-2026,IEA Inc
,,"Civil,",08-24-2016,06-30-2026,"CSA Design Group, Inc."
,,"Civil,",04-21-1988,03-31-2026,
,,"Civil,",01-28-2020,12-31-2026,"BGE, Inc."
,,"Civil,",01-10-2018,12-31-2026,Equinor
,,"Civil,",07-27-2020,06-30-2026,"Saber Power Services, LLC"
,,"Civil,",06-22-2009,03-31-2026,"CONSOR North America, Inc."
,,"Civil,",04-29-2021,03-31-2026,"Moy Tarin Ramirez Engineers, LLC"
,,"Civil,",09-17-1986,06-30-2026,
,,"Civil,",08-16-2022,06-30-2026,Baxter and Woodman
,,"Civil,",02-13-2026,01-31-2027,
,,"Civil,",04-02-2018,03-31-2026,
,,"Civil,",09-06-2019,06-30-2026,"Chamlin & Associates, Inc."
,,"Civil,",10-08-2021,09-30-2026,CORESLAB STRUCTURES (TEXAS) INC
,,"Civil,",09-23-2025,06-30-2026,JACOBS ENGINEERING GROUP INC
,,"Civil,",07-08-2022,06-30-2026,City of Norwalk
,,"Civil,",04-24-1979,07-31-2027,"Plains All American Pipeline LP

Aaron B Owens, P.E."
,,"Civil,",06-19-2006,03-31-2026,VERSA Infrastructure
,,"Civil,",06-16-2022,07-31-2027,SpaceX
,,"Civil,",12-28-2005,09-30-2026,"The Vertex Companies, LLC

Midwest Project Management Consulting, LLC"
,,"Civil,",07-10-2020,06-30-2026,"Fickett Structural Solutions, Inc."
,,"Civil,",07-23-1999,06-30-2026,"BGE, Inc."
,,"Civil,",09-08-2017,06-30-2026,City of League City
,,"Civil,",06-20-2019,03-31-2026,JACOBS ENGINEERING GROUP INC
,,"Civil,",06-19-2006,03-31-2026,Texas A&M University System Facilities Planning & Construction
,,"Civil,",06-10-2008,03-31-2026,Bechtel Energy Inc.
,,"Civil,",12-20-2007,09-30-2026,EDMINSTER HINSHAW RUSS & ASSOCIATES INC d/b/a EHRA
,,"Civil,",02-27-2023,12-31-2025,Harris County Engineering Department
